Age,BusinessTravel,Department,DistanceFromHome,Education,EducationField,EnvironmentSatisfaction,Gender,JobInvolvement,JobLevel,JobRole,JobSatisfaction,MaritalStatus,MonthlyIncome,NumCompaniesWorked,OverTime,PercentSalaryHike,PerformanceRating,RelationshipSatisfaction,StockOptionLevel,TotalWorkingYears,TrainingTimesLastYear,WorkLifeBalance,YearsAtCompany,YearsInCurrentRole,YearsSinceLastPromotion,YearsWithCurrManager,AgeDistance,AgeEnvir,JobRoleLevel,OverPerRating,InvolvementPerRating,StockYear
7,3,3,1,4,1,1,1,2,2,9,3,2,5993,1,2,18,3,3,1,7,2,4,7,5,0,7,701,71,92,23,23,17
10,2,3,1,4,1,4,2,3,3,9,3,2,10502,7,2,17,3,1,1,33,2,1,5,4,1,4,1001,104,93,23,33,15
6,2,3,7,3,1,1,1,1,2,1,3,3,6074,1,1,24,4,4,0,9,3,3,9,7,0,6,607,61,12,14,14,9
7,3,3,1,1,1,4,2,2,4,9,4,1,12742,1,2,16,3,3,1,21,3,3,21,6,11,8,701,74,94,23,23,31
5,2,3,1,3,5,1,1,2,1,1,2,2,2596,1,2,15,3,1,2,1,2,3,1,0,0,0,501,51,11,23,23,21
4,3,2,4,1,5,4,2,3,2,3,3,1,4162,1,1,12,3,3,2,5,3,3,5,4,0,3,404,44,32,13,33,25
5,3,3,9,5,4,2,1,2,1,1,4,3,3983,0,2,17,3,3,0,4,2,3,3,2,2,2,509,52,11,23,23,3
7,3,2,2,2,5,2,1,2,3,3,3,1,7596,1,2,13,3,2,2,10,2,3,10,9,9,0,702,72,33,23,23,30
6,3,3,4,4,5,3,2,2,1,4,2,1,2622,6,2,21,4,4,0,7,3,3,3,2,1,1,604,63,41,24,24,3
6,3,3,2,4,6,3,2,3,2,8,4,3,6687,1,2,11,3,4,0,14,2,4,14,11,4,11,602,63,82,23,33,14
4,3,1,22,1,3,4,1,1,1,5,3,1,1555,1,2,11,3,3,1,1,2,3,1,0,0,0,422,44,51,23,13,11
7,3,3,10,4,5,1,2,3,2,8,3,3,6142,3,1,16,3,3,0,10,4,3,5,2,0,4,710,71,82,13,33,5
6,3,3,3,3,6,4,2,3,1,4,1,3,2657,5,1,11,3,3,0,8,5,3,5,2,0,4,603,64,41,13,33,5
10,3,3,8,4,1,3,2,3,2,1,3,3,3780,7,2,11,3,3,0,19,3,3,1,0,0,0,1008,103,12,23,33,1
6,3,3,1,3,1,4,2,2,1,1,2,1,3294,5,2,17,3,1,1,7,2,2,5,4,0,2,601,64,11,23,23,15
9,3,2,2,4,1,4,2,2,1,2,4,3,3294,1,1,18,3,1,0,3,3,2,3,2,1,2,902,94,21,13,23,3
7,1,2,15,4,2,4,1,1,2,3,4,2,5406,1,2,24,4,1,1,15,4,2,15,12,11,11,715,74,32,24,14,25
7,3,3,1,4,5,4,1,2,1,1,3,1,2258,6,2,12,3,2,1,10,2,3,8,0,1,7,701,74,11,23,23,18
5,3,2,19,3,1,3,1,2,2,3,3,2,8620,1,2,14,3,3,2,10,3,3,10,7,0,4,519,53,32,23,23,30
11,3,3,14,4,1,2,2,3,1,4,2,1,4963,9,1,18,3,1,3,7,2,3,5,4,4,3,1114,112,41,13,33,35
9,3,3,10,2,1,1,1,3,1,4,4,1,2654,3,2,21,4,4,2,8,3,2,2,2,0,2,910,91,41,24,34,22
9,3,3,1,4,5,4,1,3,3,8,1,2,9396,7,2,16,3,3,1,17,3,3,4,2,0,3,901,94,83,23,33,14
7,3,3,10,1,5,3,1,3,3,7,3,3,13464,7,2,21,4,3,0,9,3,3,4,3,2,2,710,73,73,24,34,4
10,3,2,3,4,2,3,1,2,4,6,1,1,16856,1,2,11,3,1,0,34,3,4,34,6,1,16,1003,103,64,23,23,34
6,1,3,1,3,1,3,2,2,1,1,2,1,2332,6,2,20,4,3,0,5,3,3,3,0,0,2,601,63,11,24,24,3
9,2,3,18,1,5,1,2,3,3,8,3,1,10527,5,2,11,3,4,0,28,3,2,2,2,1,2,918,91,83,23,33,2
5,3,3,17,2,5,3,1,3,2,1,1,2,4558,1,2,12,3,4,1,10,2,3,10,0,1,8,517,53,12,23,33,20
5,3,3,23,2,1,3,1,4,1,4,3,1,2700,1,2,24,4,3,1,10,3,3,10,7,0,7,523,53,41,24,44,20
7,3,2,24,1,2,2,2,2,4,3,4,1,12031,0,2,11,3,1,1,21,2,2,20,9,9,6,724,72,34,23,23,30
6,3,3,9,3,5,1,1,3,1,4,4,1,2781,0,2,13,3,2,1,15,5,3,14,10,4,10,609,61,41,23,33,24
7,3,2,3,3,1,1,1,3,3,3,3,2,10609,0,2,12,3,3,2,17,6,2,16,10,5,13,703,71,33,23,33,36
5,2,3,5,2,1,4,2,3,1,1,4,3,2379,0,1,14,3,3,0,6,3,2,5,4,0,2,505,54,11,13,33,5
3,2,2,1,1,6,3,2,1,1,2,1,3,2325,0,2,21,4,1,0,1,5,4,0,0,0,0,301,33,21,24,14,0
10,3,3,17,3,6,3,2,3,3,9,3,1,10739,8,2,11,3,3,1,22,2,3,10,7,0,8,1017,103,93,23,33,20
10,3,3,23,4,1,4,2,3,4,7,4,3,14275,6,2,18,3,3,0,33,0,3,12,9,3,8,1023,104,74,23,33,12
6,1,2,8,1,1,2,2,2,1,2,4,3,2342,0,2,19,3,4,0,3,2,2,2,2,2,2,608,62,21,23,23,2
5,3,2,2,3,5,1,1,2,2,3,2,1,6644,2,2,19,3,2,2,10,2,3,0,0,0,0,502,51,32,23,23,20
6,2,3,3,3,1,1,1,3,1,4,1,3,3348,1,1,11,3,1,0,10,3,3,10,8,9,7,603,61,41,13,33,10
8,3,3,29,3,1,2,1,3,2,9,2,1,4434,1,2,13,3,4,1,10,3,2,9,8,7,8,829,82,92,23,33,19
6,2,3,10,4,6,4,1,2,2,8,3,1,5063,1,2,14,3,2,1,8,3,2,8,2,7,7,610,64,82,23,23,18
8,3,2,5,2,2,4,1,3,5,6,3,1,18303,6,2,13,3,2,0,21,3,4,1,0,0,0,805,84,65,23,33,1
5,3,2,1,3,1,3,1,3,2,3,3,1,5296,1,2,17,3,2,1,8,3,3,8,7,7,7,501,53,32,23,33,18
11,3,3,1,4,5,2,1,4,4,7,4,2,14732,2,2,13,3,4,2,31,4,4,7,7,0,0,1101,112,74,23,43,27
10,2,2,1,4,1,2,1,3,2,3,3,2,6728,7,2,12,3,4,2,12,3,3,6,3,0,1,1001,102,32,23,33,26
7,3,3,7,4,5,4,1,3,2,4,1,1,4284,5,1,22,4,3,1,16,2,3,5,3,0,4,707,74,42,14,34,15
9,1,2,26,3,2,1,1,2,2,3,1,1,4385,1,2,15,3,1,1,10,2,3,10,7,4,5,926,91,32,23,23,20
8,2,2,15,3,1,4,1,2,2,3,4,1,6804,3,2,18,3,3,1,7,5,3,2,2,2,2,815,84,32,23,23,12
7,3,2,5,3,6,4,1,3,2,2,4,1,2086,3,2,14,3,3,1,19,6,4,1,0,0,0,705,74,22,23,33,11
7,3,2,2,2,2,4,1,3,3,3,2,3,7351,7,2,16,3,3,0,10,2,3,1,0,0,0,702,74,33,23,33,1
6,3,3,1,4,5,3,1,3,1,4,2,3,2501,1,2,17,3,2,0,1,4,3,1,1,1,0,601,63,41,23,33,1
10,3,3,1,3,1,3,1,3,1,4,4,1,2723,1,2,11,3,2,0,1,0,2,1,0,0,0,1001,103,41,23,33,1
7,3,3,1,3,6,3,2,1,3,9,1,2,10252,2,1,21,4,3,1,17,2,3,7,7,7,7,701,73,93,14,14,17
7,3,3,6,1,5,4,1,2,3,8,1,1,9991,4,2,15,3,1,1,9,5,3,7,7,1,7,706,74,83,23,23,17
6,2,3,24,4,1,1,1,3,2,1,4,1,5309,1,2,15,3,4,2,10,2,3,10,8,4,7,624,61,12,23,33,30
5,3,3,8,3,5,2,2,4,1,4,3,1,3517,7,2,17,3,1,0,5,0,3,3,2,0,2,508,52,41,23,43,3
7,1,3,9,3,1,4,1,3,5,6,4,3,19431,2,2,13,3,3,0,21,3,2,6,0,1,3,709,74,65,23,33,6
6,3,3,7,4,5,1,1,3,1,4,4,3,2972,1,2,13,3,3,0,1,4,1,1,0,0,0,607,61,41,23,33,1
6,3,3,27,2,5,4,2,3,1,4,2,3,2311,2,2,15,3,4,0,9,3,3,3,2,1,2,627,64,41,23,33,3
8,3,2,16,3,2,4,2,3,4,6,4,1,16064,5,1,22,4,3,1,22,3,3,17,13,1,9,816,84,64,14,34,27
6,3,3,2,4,1,2,1,3,1,1,3,1,3477,1,2,14,3,4,1,6,2,4,5,2,0,3,602,62,11,23,33,15
6,3,2,6,4,1,2,1,1,2,3,3,1,6172,4,1,18,3,2,0,12,3,2,7,7,7,7,606,62,32,13,13,7
7,3,3,1,4,1,2,2,4,2,8,4,3,7625,0,2,13,3,3,0,10,4,2,9,7,1,8,701,72,82,23,43,9
7,1,2,1,5,5,4,2,3,2,3,4,3,6653,4,2,15,3,2,0,7,6,3,1,0,0,0,701,74,32,23,33,1
8,3,3,24,3,5,4,1,3,3,9,1,1,7406,1,1,21,4,4,1,10,5,2,10,9,5,8,824,84,93,14,34,20
8,2,2,26,2,1,3,1,3,4,6,4,1,16959,1,1,12,3,4,2,25,3,4,25,12,4,12,826,83,64,13,33,45
7,2,2,3,4,5,1,1,2,3,3,4,1,9699,4,2,11,3,1,1,16,2,3,13,9,1,12,703,71,33,23,23,23
10,3,3,4,4,1,1,1,3,1,4,3,1,2461,9,1,12,3,3,3,18,2,4,10,0,2,7,1004,101,41,13,33,40
10,2,2,2,3,2,2,1,3,3,3,2,1,10596,2,2,11,3,2,0,14,5,3,4,2,3,2,1002,102,33,23,33,4
6,2,3,6,3,1,3,1,3,2,8,4,2,7725,3,2,23,4,3,1,15,2,1,13,11,4,7,606,63,82,24,34,23
5,3,1,2,3,3,3,2,3,1,5,2,1,2187,4,2,14,3,3,0,6,3,3,2,0,1,2,502,53,51,23,33,2
6,2,2,10,3,2,2,1,2,2,3,4,3,4682,3,2,14,3,3,0,9,6,2,7,7,0,1,610,62,32,23,23,7
8,3,3,13,3,5,2,1,4,2,8,1,1,5538,5,2,18,3,3,2,10,2,2,0,0,0,0,813,82,82,23,43,20
4,3,2,2,3,5,3,2,3,1,2,3,3,2783,1,2,19,3,1,0,2,3,3,2,2,2,2,402,43,21,23,33,2
8,3,1,2,1,6,3,1,3,1,5,3,2,2696,0,1,11,3,3,1,4,5,3,3,2,1,0,802,83,51,13,33,13
8,3,2,3,3,1,3,1,2,2,3,2,2,8938,2,2,11,3,3,1,14,5,3,5,4,0,4,803,83,32,23,23,15
5,3,3,5,1,6,3,1,2,3,7,4,2,12808,1,1,16,3,2,1,9,3,3,9,8,0,8,505,53,73,13,23,19
6,3,3,1,1,1,4,1,2,2,1,4,1,5126,1,1,12,3,3,2,10,1,2,10,8,3,0,601,64,12,13,23,30
6,2,3,5,4,1,2,1,2,1,4,4,2,3761,9,2,12,3,2,1,10,3,2,5,4,0,3,605,62,41,23,23,15
7,3,3,2,2,4,4,1,2,1,1,3,3,2090,6,1,15,3,2,0,7,3,3,0,0,0,0,702,74,11,13,23,0
4,3,3,21,2,6,3,1,2,1,1,1,2,2296,0,2,14,3,2,3,2,3,3,1,1,0,0,421,43,11,23,23,31
7,3,3,29,3,6,4,1,3,2,9,4,1,6261,3,2,18,3,1,1,9,3,1,7,7,1,7,729,74,92,23,33,17
11,3,1,8,4,1,4,1,3,5,6,2,3,19717,6,2,14,3,1,0,36,4,3,7,3,7,7,1108,114,65,23,33,7
6,3,3,4,3,1,3,2,2,2,9,3,1,6162,1,2,12,3,3,1,14,3,3,14,13,6,8,604,63,92,23,23,24
6,3,2,2,1,6,3,1,3,1,2,2,1,2476,1,2,18,3,1,1,1,3,3,1,0,0,0,602,63,21,23,33,11
7,3,3,9,2,1,3,2,3,1,1,4,3,2288,1,2,12,3,3,0,2,3,3,2,2,2,1,709,73,11,23,33,2
5,3,2,18,1,1,1,1,4,2,3,3,1,6232,2,2,11,3,2,0,6,3,2,3,2,1,2,518,51,32,23,43,3
7,1,3,1,3,1,4,1,3,2,1,4,1,6472,1,1,15,3,4,1,9,2,3,9,8,5,8,701,74,12,13,33,19
11,3,2,25,3,1,1,2,3,3,3,1,3,7637,7,2,11,3,4,0,28,3,2,21,16,7,9,1125,111,33,23,33,21
6,3,2,8,2,4,3,1,3,3,3,3,2,7264,5,2,11,3,1,1,10,2,4,8,4,7,7,608,63,33,23,33,18
11,2,2,6,3,1,3,2,4,4,3,1,1,13212,9,2,11,3,4,3,36,0,2,7,7,7,7,1106,113,34,23,43,37
5,3,2,5,4,5,1,1,3,2,3,4,3,4908,1,2,14,3,2,0,4,3,3,4,2,0,2,505,51,32,23,33,4
7,2,3,6,4,1,1,1,2,2,9,3,1,5321,2,2,11,3,4,1,10,1,3,8,3,7,7,706,71,92,23,23,18
5,3,2,9,4,1,2,1,3,2,3,4,3,5253,1,2,16,3,4,0,7,1,3,7,5,0,7,509,52,32,23,33,7
3,3,3,2,3,1,2,1,2,1,1,4,3,1102,1,2,22,4,3,0,1,3,2,1,0,1,0,302,32,11,24,24,1
6,3,3,7,4,1,1,2,3,3,7,2,3,11994,0,2,11,3,3,0,13,4,3,12,6,2,11,607,61,73,23,33,12
10,3,3,7,4,5,2,1,2,2,9,3,1,6132,2,2,17,3,3,0,10,2,3,1,0,0,0,1007,102,92,23,23,1
6,2,3,10,3,1,1,1,3,1,4,3,1,3433,6,2,13,3,1,1,10,3,2,5,2,1,3,610,61,41,23,33,15
7,3,3,1,4,1,3,2,1,1,4,4,1,2977,1,2,12,3,4,1,4,5,3,4,3,1,1,701,73,41,23,13,14
11,1,1,2,4,3,3,2,2,5,6,4,1,18844,9,2,21,4,4,1,30,3,3,3,2,2,2,1102,113,65,24,24,13
6,3,3,10,3,5,1,2,3,3,9,3,3,9667,9,2,14,3,2,0,9,3,3,7,7,0,2,610,61,93,23,33,7
5,3,3,4,3,6,4,2,2,1,4,1,2,2109,1,2,13,3,3,1,1,2,3,1,0,0,0,504,54,41,23,23,11
10,3,3,4,2,1,4,2,3,4,6,4,1,16555,2,2,13,3,4,0,31,2,1,5,2,1,4,1004,104,64,23,33,5
7,2,3,3,2,5,4,1,3,1,1,2,3,2088,4,2,12,3,3,0,13,3,2,8,7,7,2,703,74,11,23,33,8
5,3,3,13,2,4,4,1,2,2,1,2,1,4025,4,1,13,3,1,1,10,2,3,4,3,0,3,513,54,12,13,23,14
7,3,3,18,5,1,2,1,4,2,4,1,1,5208,1,2,11,3,4,0,16,2,3,16,15,1,10,718,72,42,23,43,16
5,2,2,24,1,1,3,1,1,1,2,4,3,1118,1,1,14,3,4,0,1,4,3,1,0,1,0,524,53,21,13,13,1
10,3,3,19,4,5,4,2,3,2,9,1,2,5485,9,1,11,3,2,2,9,4,3,5,3,1,4,1019,104,92,13,33,25
6,3,2,7,3,1,4,1,2,2,3,3,1,5484,1,2,14,3,3,1,13,3,2,13,8,4,8,607,64,32,23,23,23
10,1,2,2,4,1,1,1,2,5,6,3,3,19068,1,1,18,3,4,0,33,2,4,33,7,15,12,1002,101,65,13,23,33
6,3,3,9,1,1,3,1,3,3,9,2,2,10648,1,2,25,4,4,1,13,6,4,13,8,0,8,609,63,93,24,34,23
3,1,3,10,3,5,1,2,2,1,4,2,3,1859,1,1,25,4,2,0,1,2,4,1,1,0,0,310,31,41,14,24,1
7,3,2,8,4,1,1,2,3,1,2,4,1,2572,1,2,16,3,2,1,3,1,2,3,2,0,2,708,71,21,23,33,13
5,2,3,15,3,1,4,2,2,1,4,1,1,4774,0,2,19,3,4,1,8,2,2,7,6,7,3,515,54,41,23,23,17
5,3,3,24,3,6,3,1,1,1,1,4,3,2340,1,1,18,3,2,0,1,3,1,1,0,0,0,524,53,11,13,13,1
5,3,3,15,2,1,1,1,3,1,1,3,2,2207,1,2,16,3,4,1,4,5,2,4,2,2,2,515,51,11,23,33,14
11,3,3,24,2,1,1,1,3,1,1,4,3,2587,1,2,16,3,4,0,5,3,3,4,2,1,0,1124,111,11,23,33,4
9,1,3,14,4,6,3,1,3,2,4,2,1,5467,8,2,18,3,3,1,16,4,4,8,7,1,7,914,93,42,23,33,18
8,3,2,25,4,2,4,1,2,3,3,2,3,9094,2,1,12,3,3,0,9,2,3,5,4,1,0,825,84,33,13,23,5
6,3,3,4,3,5,1,2,4,1,1,3,2,3978,8,2,12,3,2,1,4,0,2,2,2,2,2,604,61,11,23,43,12
4,3,3,6,3,1,3,1,4,1,1,1,1,1601,1,1,21,4,3,2,1,2,3,0,0,0,0,406,43,11,14,44,20
6,3,1,2,3,3,2,1,3,1,5,3,1,3600,1,2,13,3,4,1,5,2,3,5,4,1,4,602,62,51,23,33,15
5,3,2,2,2,5,1,2,4,2,3,3,3,6500,0,2,14,3,2,0,9,5,2,8,7,0,7,502,51,32,23,43,8
8,3,2,2,3,5,4,1,3,2,3,4,1,7847,1,1,17,3,1,1,10,3,3,10,9,8,8,802,84,32,13,33,20
7,3,2,28,4,1,2,2,2,1,2,3,1,2430,0,2,23,4,1,2,6,5,3,5,3,4,2,728,72,21,24,24,25
8,2,2,5,4,1,4,1,2,3,3,1,1,10475,5,1,21,4,3,1,20,2,3,18,13,1,12,805,84,33,14,24,28
7,1,3,18,4,1,1,1,3,2,9,4,3,7779,2,2,20,4,1,0,18,0,3,11,9,0,9,718,71,92,24,34,11
6,2,3,1,2,5,3,2,3,2,1,4,3,4011,1,2,23,4,4,0,12,2,3,12,8,3,7,601,63,12,24,34,12
11,3,3,2,4,6,2,1,2,1,4,4,1,2662,8,2,20,4,2,1,19,2,4,5,2,0,4,1102,112,41,24,24,15
7,3,2,1,5,2,3,1,3,3,3,2,1,7295,1,2,13,3,1,2,10,3,3,10,8,0,6,701,73,33,23,33,30
5,3,3,8,1,5,2,1,2,2,9,4,1,5056,1,1,15,3,3,1,10,2,2,10,7,1,2,508,52,92,13,23,20
7,1,3,2,3,1,1,2,2,1,1,1,3,3646,2,1,23,4,2,0,11,2,4,1,0,0,0,702,71,11,14,24,1
3,3,2,10,3,5,4,2,2,1,2,3,3,1200,1,2,12,3,1,0,0,2,3,0,0,0,0,310,34,21,23,23,0
6,3,3,9,2,5,4,1,2,1,1,3,3,2206,1,2,13,3,1,0,10,5,3,10,0,1,8,609,64,11,23,23,10
8,3,3,12,3,1,1,1,2,4,7,2,2,14336,1,2,11,3,3,1,25,3,3,25,10,3,9,812,81,74,23,23,35
8,3,3,1,4,1,1,1,3,4,6,1,2,16823,2,2,11,3,1,1,22,3,3,19,7,11,16,801,81,64,23,33,29
7,2,3,18,4,1,3,1,3,2,8,3,1,5689,1,1,14,3,4,2,10,2,4,10,2,0,2,718,73,82,13,33,30
7,3,2,10,3,5,4,1,2,3,3,1,1,10306,9,2,17,3,3,0,15,3,3,13,12,6,0,710,74,33,23,23,13
6,1,2,22,2,2,3,1,3,2,3,2,1,6146,0,2,13,3,1,1,8,2,4,7,7,0,7,622,63,32,23,33,17
9,3,2,9,3,2,4,1,3,3,3,1,2,10761,4,1,12,3,3,1,18,2,3,5,4,0,2,909,94,33,13,33,15
9,3,3,1,3,6,1,1,3,1,4,4,1,3420,7,2,12,3,3,1,17,2,2,6,5,1,2,901,91,41,23,33,16
5,3,3,21,3,5,1,1,3,1,1,3,2,2377,1,2,20,4,3,1,1,0,2,1,1,0,0,521,51,11,24,34,11
8,1,3,2,1,1,3,1,3,4,6,3,1,17861,0,1,13,3,4,0,21,3,2,20,8,2,10,802,83,64,13,33,20
5,3,3,7,1,5,1,2,2,1,1,4,2,2532,6,2,14,3,3,3,8,5,3,4,3,0,3,507,51,11,23,23,34
8,1,3,9,5,1,4,1,2,2,8,4,1,4876,9,2,14,3,4,1,5,5,1,3,2,0,2,809,84,82,23,23,13
6,1,2,10,3,1,4,1,3,2,3,3,2,4001,1,1,14,3,3,1,15,3,3,15,14,0,7,610,64,32,13,33,25
8,2,3,9,5,5,4,1,3,2,1,3,2,5679,3,1,13,3,2,1,10,3,3,8,7,4,7,809,84,12,13,33,18
6,3,3,12,3,5,4,2,3,2,8,4,1,5855,0,1,11,3,3,2,10,2,1,9,7,8,5,612,64,82,13,33,29
6,3,2,29,4,2,1,2,2,2,3,4,1,5468,1,2,14,3,1,2,13,3,3,12,7,5,7,629,61,32,23,23,32
4,3,3,19,1,5,3,1,3,1,4,4,1,2323,1,2,24,4,1,2,2,6,3,2,2,2,2,419,43,41,24,34,22
6,3,3,14,3,5,4,2,3,1,4,2,1,2756,1,2,13,3,4,1,8,5,3,8,7,1,6,614,64,41,23,33,18
11,1,3,8,1,5,4,1,2,4,8,2,2,13577,1,1,15,3,4,1,34,3,3,33,9,15,0,1108,114,84,13,23,43
5,2,2,2,1,1,4,1,1,2,3,4,3,5071,3,2,20,4,2,0,8,3,3,6,2,0,0,502,54,32,24,14,6
6,1,3,2,3,5,3,2,3,1,1,4,3,2564,0,2,14,3,3,0,12,2,2,11,7,6,7,602,63,11,23,33,11
6,2,3,3,4,1,4,2,3,1,4,3,1,2909,1,1,11,3,3,0,8,3,3,8,7,3,0,603,64,41,13,33,8
7,1,3,24,4,1,2,2,3,2,1,2,1,5674,7,2,15,3,3,1,11,3,3,9,8,0,8,724,72,12,23,33,19
6,3,2,10,4,2,2,1,3,2,3,3,3,5487,1,2,14,3,2,0,10,2,2,10,4,0,9,610,62,32,23,33,10
5,3,3,1,3,5,3,2,3,1,4,1,1,3591,1,2,25,4,3,1,3,3,3,3,2,1,2,501,53,41,24,34,13
6,3,2,1,3,1,2,1,2,2,3,1,1,9714,1,2,11,3,4,1,10,4,3,10,8,6,7,601,62,32,23,23,20
5,3,2,27,3,2,2,2,3,3,3,4,1,7639,1,2,22,4,4,3,10,3,2,10,4,1,9,527,52,33,24,34,40
7,3,3,23,3,5,3,1,3,1,4,1,3,3904,0,2,13,3,1,0,6,2,3,5,2,0,3,723,73,41,23,33,5
7,3,3,26,4,1,1,1,3,2,8,3,1,5347,6,2,14,3,2,2,10,2,2,3,2,0,2,726,71,82,23,33,23
6,1,3,29,4,5,4,2,3,1,1,3,3,4025,9,2,12,3,2,0,10,2,3,8,7,7,7,629,64,11,23,33,8
4,3,3,4,3,5,1,1,4,1,4,1,1,2819,2,2,16,3,1,1,5,3,4,3,2,0,2,404,41,41,23,43,13
5,3,2,10,3,1,3,1,3,1,2,3,3,2642,1,2,11,3,3,0,1,6,3,1,0,0,0,510,53,21,23,33,1
8,3,2,1,3,2,2,1,4,3,3,1,1,8392,1,2,16,3,3,1,10,2,3,10,7,0,7,801,82,33,23,43,20
10,3,3,7,4,5,4,2,3,2,4,4,1,6854,4,2,15,3,2,1,14,2,2,7,1,1,7,1007,104,42,23,33,17
7,2,3,25,4,1,4,2,3,1,4,2,2,2022,1,1,19,3,1,1,10,3,2,10,2,7,8,725,74,41,13,33,20
5,2,3,6,3,1,3,1,2,1,4,3,2,2703,1,1,14,3,4,1,3,2,3,3,1,0,2,506,53,41,13,23,13
6,3,2,3,2,1,4,2,1,2,3,4,3,6029,5,2,12,3,1,0,6,3,3,2,2,2,2,603,64,32,23,13,2
6,2,3,1,3,1,4,1,1,2,4,1,1,5003,1,2,21,4,2,0,10,6,3,10,8,8,7,601,64,42,24,14,10
6,1,2,11,4,4,4,1,4,2,3,3,1,4707,8,2,12,3,4,0,6,2,3,4,2,1,2,611,64,32,23,43,4
8,2,3,11,3,6,4,2,3,2,1,3,1,6323,1,2,11,3,1,1,10,2,4,10,9,9,4,811,84,12,23,33,20
5,3,3,2,1,1,1,1,2,1,4,2,1,3201,0,2,17,3,1,0,6,2,1,5,3,0,4,502,51,41,23,23,5
4,3,3,1,2,1,4,1,2,2,9,4,1,4775,6,2,22,4,1,2,4,2,1,2,2,2,2,401,44,92,24,24,22
5,2,3,1,4,5,4,1,3,1,1,3,3,2154,0,1,11,3,3,0,5,2,2,4,2,0,2,501,54,11,13,33,4
5,3,2,4,2,1,2,2,2,2,3,4,3,4487,1,1,11,3,2,0,5,3,3,5,4,1,3,504,52,32,13,23,5
7,1,3,3,3,1,3,1,2,1,1,3,1,1281,1,2,18,3,3,2,1,3,3,1,0,0,0,703,73,11,23,23,21
6,3,2,7,5,2,4,1,3,2,3,4,1,9204,4,2,12,3,3,1,7,3,2,4,3,0,3,607,64,32,23,33,14
7,3,3,6,2,4,4,2,2,1,1,3,1,3702,1,2,11,3,2,1,5,3,3,5,4,0,4,706,74,11,23,23,15
5,2,2,13,3,6,1,2,3,2,3,2,3,5765,5,2,11,3,1,0,7,4,1,5,3,0,0,513,51,32,23,33,5
5,3,2,28,3,1,1,1,2,2,3,3,1,8639,2,2,18,3,4,0,6,3,3,2,2,2,2,528,51,32,23,23,2
5,3,3,15,2,1,4,2,2,2,1,3,3,4193,0,1,12,3,4,0,10,3,3,9,5,0,8,515,54,12,13,23,9
6,1,3,5,3,5,2,1,3,2,9,1,3,9936,0,2,19,3,2,0,10,2,3,9,4,1,7,605,62,92,23,33,9
8,3,3,24,2,6,1,1,3,2,4,4,2,3319,1,2,17,3,1,2,9,3,3,9,8,4,7,824,81,42,23,33,29
10,2,3,20,4,1,4,2,3,2,4,3,3,4869,3,2,12,3,4,0,20,4,2,4,3,0,3,1020,104,42,23,33,4
9,3,3,2,4,5,1,2,3,4,7,3,1,17169,3,2,19,3,2,2,26,2,4,20,17,5,6,902,91,74,23,33,40
5,2,2,8,1,2,3,1,3,2,3,4,1,4342,0,2,19,3,2,1,5,3,3,4,2,1,1,508,53,32,23,33,14
7,3,2,1,3,5,1,2,3,2,3,3,3,4859,1,2,16,3,4,0,5,3,3,5,4,0,3,701,71,32,23,33,5
9,1,3,1,4,5,1,1,4,4,6,4,3,16885,2,2,22,4,3,0,27,3,2,5,4,2,1,901,91,64,24,44,5
9,3,1,26,4,1,4,2,3,5,6,3,1,19658,3,2,11,3,3,1,27,2,3,5,2,1,0,926,94,65,23,33,15
10,3,3,6,3,1,1,1,3,5,7,3,3,19537,7,2,13,3,3,0,23,5,3,20,18,15,15,1006,101,75,23,33,20
8,1,3,2,4,4,1,2,2,2,8,3,3,6811,2,1,17,3,1,0,10,3,3,8,7,0,7,802,81,82,13,23,8
6,3,2,15,2,2,3,1,2,3,3,1,2,7140,2,2,11,3,1,1,12,2,3,7,7,1,7,615,63,33,23,23,17
6,3,2,8,2,6,2,1,4,2,3,3,1,6799,1,2,21,4,3,2,10,5,3,10,8,4,8,608,62,32,24,44,30
6,3,2,10,3,2,3,1,2,2,3,3,1,6578,1,2,18,3,1,1,10,3,3,10,3,1,4,610,63,32,23,23,20
5,1,3,3,3,5,4,1,3,1,4,4,1,1706,1,2,11,3,3,3,0,6,2,0,0,0,0,503,54,41,23,33,30
8,3,1,1,3,3,4,1,2,5,6,3,1,19189,1,2,12,3,2,1,22,3,3,22,7,2,10,801,84,65,23,23,32
9,3,3,8,2,4,1,2,3,3,1,2,1,7403,4,2,11,3,3,1,29,3,2,26,9,1,7,908,91,13,23,33,36
7,3,3,1,3,5,4,2,2,2,1,4,1,5363,0,2,12,3,2,1,10,0,3,9,7,0,0,701,74,12,23,23,19
7,3,3,12,5,5,4,2,2,3,9,4,3,8858,0,2,11,3,2,0,15,2,2,14,8,7,8,712,74,93,23,23,14
5,3,2,1,3,5,2,2,2,1,2,3,2,2800,6,1,19,3,3,3,5,3,3,3,2,0,2,501,52,21,13,23,33
4,2,2,9,3,2,4,2,3,1,2,4,3,2323,1,1,14,3,2,0,2,3,3,2,2,0,2,409,44,21,13,33,2
7,3,3,23,2,1,2,1,2,2,9,3,1,5916,3,1,13,3,1,0,8,1,3,1,0,0,1,723,72,92,13,23,1
11,3,3,4,4,6,4,2,3,5,6,1,2,19943,4,2,13,3,4,1,28,2,3,5,2,4,2,1104,114,65,23,33,15
7,2,3,2,2,1,4,1,3,1,1,4,1,1702,1,1,23,4,3,1,1,3,3,1,0,0,0,702,74,11,14,34,11
7,3,3,27,3,5,3,1,3,2,8,3,1,5237,6,2,13,3,2,2,17,3,2,7,7,7,7,727,73,82,23,33,27
5,2,3,1,3,1,3,2,3,2,9,2,2,6397,1,2,20,4,1,1,6,6,1,6,5,1,4,501,53,92,24,34,16
10,1,3,2,4,1,1,1,3,4,6,1,2,17924,1,2,11,3,4,1,31,3,3,31,6,14,7,1002,101,64,23,33,41
6,3,3,9,3,5,1,2,3,1,1,1,3,4200,7,2,22,4,1,0,10,2,4,5,4,0,4,609,61,11,24,34,5
6,3,2,1,4,5,2,1,2,1,2,2,1,2269,0,2,14,3,2,1,3,2,3,2,2,2,2,601,62,21,23,23,12
5,3,3,1,3,1,1,2,3,1,4,4,2,3760,1,2,15,3,1,3,3,5,3,3,2,1,2,501,51,41,23,33,33
6,3,3,6,3,6,1,2,2,2,1,4,1,4627,0,2,12,3,1,1,10,6,3,9,2,6,7,606,61,12,23,23,19
8,1,2,28,3,4,3,1,1,3,3,1,2,10932,3,2,15,3,3,1,20,2,3,1,0,0,1,828,83,33,23,13,11
6,2,3,1,4,4,4,1,3,1,4,1,2,2996,5,2,14,3,3,2,10,2,3,4,3,1,3,601,64,41,23,33,24
5,3,3,3,1,5,2,1,3,1,1,1,3,4723,1,1,18,3,4,0,10,3,3,10,9,1,5,503,52,11,13,33,10
11,3,3,1,3,5,4,1,3,5,6,1,3,19045,0,1,14,3,3,0,37,2,3,36,10,4,13,1101,114,65,13,33,36
7,3,2,1,4,1,1,2,2,2,3,4,3,8686,4,2,22,4,3,0,12,2,4,8,3,0,7,701,71,32,24,24,8
9,1,2,26,2,1,2,1,2,2,3,2,3,7991,8,2,15,3,3,0,6,3,3,2,2,2,2,926,92,32,23,23,2
7,3,2,3,4,2,1,2,3,2,3,2,3,9278,3,1,16,3,4,0,15,3,3,5,4,0,1,703,71,32,13,33,5
11,3,3,2,3,6,4,1,3,1,4,3,3,2479,4,2,24,4,1,0,7,4,3,1,0,0,0,1102,114,41,24,34,1
8,3,3,7,4,5,1,2,2,3,8,4,1,10248,3,2,14,3,4,1,24,4,3,22,6,5,17,807,81,83,23,23,32
8,3,2,26,3,2,3,1,3,2,3,1,1,8396,1,2,14,3,2,1,8,3,2,7,7,7,5,826,83,32,23,33,17
6,3,3,13,1,1,2,2,3,1,4,4,3,3452,3,2,18,3,1,0,5,4,3,3,2,0,2,613,62,41,23,33,3
5,2,3,3,1,6,3,1,3,1,4,1,3,3102,0,2,22,4,3,0,7,2,3,6,4,0,4,503,53,41,24,34,6
9,3,3,16,3,5,4,2,3,1,1,1,2,2587,4,1,16,3,2,1,17,2,2,2,2,2,2,916,94,11,13,33,12
7,3,1,26,4,1,3,2,3,3,5,4,3,8837,1,1,16,3,3,0,9,2,3,9,0,1,7,726,73,53,13,33,9
5,1,3,8,5,1,1,1,1,1,1,3,1,4621,1,2,19,3,4,3,3,4,3,3,2,1,2,508,51,11,23,13,33
5,3,3,6,3,4,3,2,2,1,4,2,1,2368,1,2,19,3,3,0,5,3,2,5,4,4,3,506,53,41,23,23,5
9,3,3,20,4,5,3,2,3,2,9,1,1,6567,1,2,14,3,3,0,16,2,2,15,11,5,11,920,93,92,23,33,15
9,3,3,1,2,6,3,2,2,4,8,3,3,13964,7,1,12,3,4,0,25,2,3,7,1,0,7,901,93,84,13,23,7
9,3,3,25,2,1,2,2,2,2,9,4,1,5906,0,2,13,3,4,2,10,2,2,9,8,3,8,925,92,92,23,23,29
5,3,3,5,4,6,3,1,3,1,1,3,3,3441,1,1,13,3,3,0,2,3,2,2,2,2,2,505,53,11,13,33,2
5,3,3,6,3,1,3,2,3,1,1,4,1,2659,1,1,13,3,3,1,3,2,3,3,2,0,2,506,53,11,13,33,13
8,3,3,10,4,1,3,1,3,1,4,3,3,2936,1,1,11,3,3,0,6,4,3,6,4,0,2,810,83,41,13,33,6
8,3,3,1,4,1,2,1,3,1,1,2,1,2387,3,2,22,4,3,1,7,3,3,4,2,0,3,801,82,11,24,34,14
5,3,2,5,3,4,4,2,2,1,2,3,3,2966,0,2,18,3,4,0,5,2,3,4,2,0,0,505,54,21,23,23,4
6,1,3,3,4,1,3,1,2,1,4,4,1,2979,3,2,17,3,4,3,6,2,3,0,0,0,0,603,63,41,23,23,30
6,2,3,2,2,1,4,1,3,2,9,3,3,4033,2,2,11,3,4,0,5,3,2,3,2,0,2,602,64,92,23,33,3
7,3,3,27,4,1,4,1,3,2,9,3,1,6883,2,2,16,3,2,1,17,3,3,7,7,0,7,727,74,92,23,33,17
8,3,3,6,3,5,1,2,2,2,4,3,3,4081,1,1,14,3,1,0,20,3,1,20,7,1,8,806,81,42,13,23,20
6,3,3,2,3,1,3,1,2,2,8,4,1,4152,1,2,19,3,1,3,11,3,3,11,10,10,8,602,63,82,23,23,41
8,3,3,1,4,1,2,1,4,2,8,1,1,5033,2,2,15,3,4,1,10,5,3,2,0,2,2,801,82,82,23,43,12
8,3,3,12,3,5,2,1,3,1,1,2,2,2766,8,2,22,4,2,3,7,6,2,5,3,0,4,812,82,11,24,34,35
6,1,3,3,3,1,3,1,3,1,1,4,1,2097,4,2,15,3,3,1,9,3,1,5,3,1,4,603,63,11,23,33,15
6,1,2,22,4,4,3,2,3,3,3,1,1,8412,0,2,11,3,3,0,10,3,3,9,8,7,8,622,63,33,23,33,9
7,2,3,10,1,5,3,1,3,1,4,3,1,2684,0,2,17,3,2,1,3,0,2,2,1,0,2,710,73,41,23,33,12
6,2,2,1,4,1,2,2,1,1,2,3,3,1359,1,2,12,3,2,0,1,3,3,1,0,0,0,601,62,21,23,13,1
10,3,2,2,4,1,3,2,2,3,3,3,1,10686,6,2,11,3,2,1,13,4,3,9,4,7,0,1002,103,33,23,23,19
9,3,3,15,4,4,3,2,3,1,4,1,1,2367,8,2,12,3,4,1,10,3,2,8,2,7,6,915,93,41,23,33,18
6,3,1,8,2,5,4,2,4,1,5,2,3,2109,9,2,18,3,4,0,8,3,3,3,2,0,2,608,64,51,23,43,3
7,3,2,15,4,2,2,1,3,4,3,1,3,13341,0,2,12,3,1,0,21,3,3,20,8,11,10,715,72,34,23,33,20
5,3,2,8,3,1,4,1,4,2,3,2,1,4851,0,2,22,4,3,1,4,4,3,3,2,1,2,508,54,32,24,44,13
6,3,2,1,4,2,2,1,4,2,3,4,2,9725,0,2,11,3,4,1,16,2,2,15,1,0,9,601,62,32,23,43,25
5,3,2,2,1,2,3,1,3,1,2,1,2,3041,0,2,11,3,2,1,5,3,3,4,3,0,2,502,53,21,23,33,14
9,3,3,20,3,5,2,1,1,3,8,1,2,10851,2,1,18,3,2,1,24,2,3,7,7,0,7,920,92,83,13,13,17
5,1,3,9,3,5,4,1,3,1,4,2,2,2024,6,2,18,3,4,1,6,1,1,2,2,2,2,509,54,41,23,33,12
9,3,3,2,2,1,4,1,3,3,9,4,2,8578,3,2,14,3,3,1,12,4,2,9,8,4,7,902,94,93,23,33,19
5,3,1,20,2,5,4,2,3,1,5,2,1,2148,0,1,11,3,3,0,6,3,3,5,1,1,4,520,54,51,13,33,5
7,3,2,1,3,2,2,1,3,2,3,3,1,4717,9,2,11,3,3,0,15,2,3,11,9,6,9,701,72,32,23,33,11
7,3,1,13,3,3,3,1,3,1,5,2,1,2143,4,2,13,3,2,1,8,2,3,5,2,0,4,713,73,51,23,33,15
8,1,3,7,3,5,4,1,4,1,4,4,2,2089,4,2,14,3,4,3,7,3,4,5,4,2,2,807,84,41,23,43,35
6,3,3,2,4,1,4,1,3,1,1,2,3,1393,1,2,12,3,1,0,1,2,3,1,0,0,0,602,64,11,23,33,1
6,3,3,25,3,5,1,1,2,1,4,2,3,2313,4,1,20,4,2,0,5,0,3,2,2,2,2,625,61,41,14,24,2
5,2,2,1,3,5,3,1,2,2,3,1,3,4294,1,2,12,3,2,0,7,2,3,7,7,0,7,501,53,32,23,23,7
9,2,3,25,3,5,2,2,3,5,6,2,3,18061,3,2,22,4,3,0,22,4,3,0,0,0,0,925,92,65,24,34,0
7,3,3,4,2,4,3,1,3,1,1,4,2,1951,1,2,12,3,3,1,1,3,3,1,0,0,0,704,73,11,23,33,11
6,3,3,8,2,5,3,2,4,2,4,3,1,5175,5,2,12,3,3,1,9,3,2,5,3,1,3,608,63,42,23,43,15
6,1,3,10,3,5,3,2,3,3,7,3,1,11031,4,2,20,4,3,1,13,2,4,11,7,4,8,610,63,73,24,34,21
7,3,3,8,3,6,3,2,3,3,8,3,2,10096,1,2,13,3,2,3,17,2,3,17,14,12,8,708,73,83,23,33,47
11,3,3,2,3,5,4,1,3,5,6,1,1,19859,5,1,13,3,4,1,24,2,3,5,2,1,4,1102,114,65,13,33,15
5,3,3,1,3,1,1,1,3,2,8,1,1,5373,0,2,12,3,1,1,6,5,2,5,3,0,2,501,51,82,23,33,15
7,3,3,24,1,1,1,1,3,2,4,4,3,4108,7,2,13,3,1,0,18,2,3,7,7,1,7,724,71,42,23,33,7
6,3,2,10,4,1,3,2,3,1,2,3,1,2220,1,1,19,3,4,1,1,2,3,1,1,0,0,610,63,21,13,33,11
9,3,3,1,3,1,3,1,3,4,6,3,3,15379,4,2,14,3,1,0,23,2,3,8,7,0,0,901,93,64,23,33,8
7,2,3,11,3,1,2,1,2,2,9,2,3,6499,1,2,13,3,3,0,6,3,3,6,5,0,3,711,72,92,23,23,6
5,3,2,5,3,2,3,1,2,2,3,3,3,5744,1,1,11,3,4,0,6,1,3,6,4,0,3,505,53,32,13,23,6
7,3,3,7,3,4,3,1,3,3,9,3,3,10221,3,2,21,4,2,0,17,3,4,8,5,1,6,707,73,93,24,34,8
5,3,3,8,2,1,4,2,3,1,4,4,3,3310,1,2,21,4,4,0,5,3,3,5,3,0,2,508,54,41,24,34,5
5,1,3,1,3,1,3,2,1,2,1,4,1,6674,0,2,11,3,1,3,10,6,3,9,8,7,5,501,53,12,23,13,39
7,3,1,8,2,4,3,1,3,2,5,2,2,4071,2,2,13,3,3,0,19,4,2,10,0,4,7,708,73,52,23,33,10
7,1,3,9,4,1,1,1,4,1,1,2,1,2810,1,2,22,4,2,0,5,3,3,5,4,0,2,709,71,11,24,44,5
6,3,2,2,1,1,2,1,3,2,3,4,3,6582,4,1,13,3,3,0,10,2,4,6,5,0,5,602,62,32,13,33,6
7,3,3,16,2,4,4,2,2,2,9,2,1,4788,0,1,11,3,4,0,4,2,3,3,2,0,2,716,74,92,13,23,3
6,2,3,4,3,6,3,1,3,1,4,4,3,2285,9,1,23,4,3,0,3,4,3,1,0,0,0,604,63,41,14,34,1
6,3,3,9,3,5,4,2,2,3,8,2,3,8621,1,2,14,3,2,0,9,3,4,8,7,7,7,609,64,83,23,23,8
7,2,3,29,5,1,4,2,3,2,1,4,3,2406,1,2,11,3,4,0,10,2,3,10,3,9,9,729,74,12,23,33,10
7,3,3,2,3,1,4,1,3,1,4,4,3,3944,5,1,11,3,3,0,6,3,3,3,2,1,2,702,74,41,13,33,3
7,3,3,4,4,1,1,1,2,2,1,4,3,5810,1,2,16,3,3,0,10,2,2,10,4,1,8,704,71,12,23,23,10
4,3,3,8,1,5,4,1,2,1,1,3,3,3989,1,1,11,3,1,0,5,2,3,5,4,1,2,408,44,11,13,23,5
5,3,3,4,3,1,2,1,4,2,9,2,1,6142,1,1,20,4,2,1,6,0,3,6,2,0,3,504,52,92,14,44,16
7,3,3,22,3,1,4,1,1,1,1,3,3,4230,0,2,15,3,3,0,6,2,3,5,4,4,3,722,74,11,23,13,5
7,3,3,9,2,1,2,1,3,1,4,4,2,4771,2,2,19,3,4,2,10,0,4,5,2,0,3,709,72,41,23,33,25
6,3,3,3,2,1,3,2,3,3,7,4,3,11159,3,2,15,3,4,0,10,6,3,7,7,7,7,603,63,73,23,33,7
4,3,3,9,1,5,2,1,3,1,1,1,1,2500,1,2,14,3,4,1,5,2,4,4,3,0,2,409,42,11,23,33,14
6,3,2,13,4,1,2,1,3,2,3,4,2,4403,2,2,11,3,3,1,8,3,2,5,2,0,3,613,62,32,23,33,15
11,2,3,2,1,1,4,1,3,3,9,2,1,10976,3,2,18,3,2,1,23,4,3,3,2,1,2,1102,114,93,23,33,13
9,3,3,2,3,1,1,1,3,4,7,3,1,17861,6,2,13,3,3,0,26,2,1,3,2,0,1,902,91,74,23,33,3
12,2,2,28,3,2,3,2,2,3,3,1,1,10266,4,2,19,3,4,0,22,5,4,18,13,13,11,1228,123,33,23,23,18
5,3,2,9,3,2,2,2,1,1,2,2,3,2760,1,2,13,3,3,0,2,3,3,2,2,2,2,509,52,21,23,13,2
9,3,3,1,3,6,3,2,3,1,4,1,1,3580,2,2,16,3,2,1,7,2,3,4,2,0,2,901,93,41,23,33,14
8,2,2,12,3,1,3,1,3,4,3,1,3,13758,0,1,12,3,2,0,22,2,2,21,9,13,14,812,83,34,13,33,21
7,2,2,1,3,2,3,2,3,3,3,3,3,8789,1,2,14,3,1,0,10,3,4,10,7,0,8,701,73,33,23,33,10
7,3,3,6,3,5,3,1,4,2,4,1,2,5974,4,1,13,3,1,2,13,2,3,7,7,6,7,706,73,42,13,43,27
10,3,3,24,4,5,2,1,4,3,8,4,1,7005,3,2,15,3,3,0,11,2,3,4,3,1,2,1024,102,83,23,43,4
7,3,3,10,3,5,2,2,3,1,4,2,1,3936,1,2,11,3,1,1,8,2,1,8,4,7,7,710,72,41,23,33,18
10,2,3,22,5,5,3,1,1,4,7,4,3,14411,1,1,13,3,4,0,32,2,3,32,6,13,9,1022,103,74,13,13,32
10,3,3,2,4,6,1,2,3,3,7,3,1,13549,9,2,12,3,1,1,16,5,1,4,3,0,3,1002,101,73,23,33,14
10,2,1,3,3,5,1,1,3,5,6,2,1,18200,1,2,11,3,3,1,32,2,3,32,5,10,7,1003,101,65,23,33,42
9,3,3,4,3,1,4,1,3,3,9,4,3,7898,1,2,11,3,3,0,11,2,3,10,9,0,8,904,94,93,23,33,10
5,3,2,3,2,5,2,2,3,2,3,3,1,5561,1,2,14,3,1,1,6,5,2,6,0,1,2,503,52,32,23,33,16
10,3,1,5,3,1,3,1,3,4,6,2,2,14026,1,1,11,3,2,1,33,2,3,33,9,0,10,1005,103,64,13,33,43
6,2,3,5,2,1,1,2,4,1,4,3,3,2432,3,1,14,3,1,0,8,2,3,4,1,0,3,605,61,41,13,43,4
8,3,3,2,4,1,2,2,1,1,1,4,2,2778,4,1,13,3,3,1,10,1,2,7,7,1,0,802,82,11,13,13,17
10,3,2,3,3,2,4,2,3,2,3,1,1,5940,2,2,14,3,4,1,16,4,3,6,2,0,5,1003,104,32,23,33,16
4,3,3,17,2,4,4,1,2,1,1,2,1,2127,1,2,21,4,4,1,1,2,3,1,0,0,0,417,44,11,24,24,11
6,3,2,16,1,1,4,1,3,2,3,3,1,5301,8,2,15,3,3,2,4,2,2,2,1,2,2,616,64,32,23,33,22
5,1,3,5,2,1,2,1,4,2,8,1,2,4000,1,2,12,3,4,2,6,2,3,6,3,1,5,505,52,82,23,43,26
10,3,3,1,3,5,3,1,2,1,1,3,1,3690,2,2,15,3,4,1,5,2,2,3,2,0,2,1001,103,11,23,23,13
6,2,3,13,3,4,3,2,2,1,1,2,1,2743,1,2,20,4,3,1,2,2,3,2,2,2,2,613,63,11,24,24,12
8,2,3,22,3,1,4,2,3,2,4,4,2,5467,3,1,14,3,1,2,12,4,2,6,2,3,3,822,84,42,13,33,26
6,2,2,9,2,5,4,1,1,2,3,4,2,4668,0,2,17,3,4,3,9,2,4,8,7,0,7,609,64,32,23,13,38
6,3,2,4,3,1,3,1,3,3,3,4,1,9713,2,1,13,3,4,3,9,3,3,5,3,1,0,604,63,33,13,33,35
6,3,3,1,4,1,2,1,3,2,4,4,1,5484,9,2,17,3,2,1,9,3,2,2,2,2,1,601,62,42,23,33,12
6,1,3,9,2,5,3,2,3,2,9,3,3,4695,7,1,18,3,3,0,10,3,3,8,4,1,7,609,63,92,13,33,8
10,3,3,2,4,5,2,1,3,5,7,3,1,19237,2,1,11,3,4,1,29,2,2,8,1,7,7,1002,102,75,13,33,18
8,3,3,6,4,4,2,1,2,4,7,4,2,16627,4,1,14,3,3,1,21,3,2,1,0,0,0,806,82,74,13,23,11
5,3,3,3,3,1,1,2,3,1,4,4,1,2061,1,2,21,4,1,0,1,5,3,1,0,0,0,503,51,41,24,34,1
10,3,3,8,4,5,3,1,2,2,4,2,1,4941,2,2,15,3,1,0,11,3,2,8,2,7,7,1008,103,42,23,23,8
8,3,3,4,2,1,3,1,4,5,6,1,2,19190,1,2,14,3,4,2,26,4,2,25,9,14,13,804,83,65,23,43,45
10,3,2,8,3,2,1,1,3,4,3,4,1,11836,5,2,14,3,3,1,28,3,3,2,0,2,2,1008,101,34,23,33,12
10,3,3,11,3,1,3,2,3,5,6,2,3,19926,3,2,15,3,2,0,21,5,3,5,4,4,4,1011,103,65,23,33,5
9,3,3,10,3,1,4,1,2,5,7,2,1,19665,4,2,12,3,4,0,29,3,3,22,10,12,9,910,94,75,23,23,22
6,3,3,5,4,1,3,2,2,1,4,4,1,2911,1,2,13,3,3,1,2,2,2,2,2,0,2,605,63,41,23,23,12
10,3,3,11,4,1,4,2,3,2,1,3,1,3149,8,2,20,4,2,1,9,3,3,5,2,1,4,1011,104,12,24,34,15
9,3,2,2,4,2,2,2,3,5,6,1,3,18947,3,2,12,3,4,0,22,2,2,2,2,2,1,902,92,65,23,33,2
6,2,3,10,4,1,3,1,4,2,9,4,2,4724,1,2,13,3,1,1,9,3,3,9,7,7,2,610,63,92,23,43,19
6,2,3,29,4,5,1,2,2,2,4,3,3,4508,1,2,22,4,2,0,14,4,3,13,7,3,8,629,61,42,24,24,13
5,2,3,2,3,1,4,1,2,1,1,4,1,3867,1,1,12,3,2,1,2,2,3,2,2,2,2,502,54,11,13,23,12
8,3,3,7,2,6,2,2,4,1,4,3,1,3376,1,2,13,3,3,0,10,3,3,10,6,0,8,807,82,41,23,43,10
8,2,2,2,4,1,1,1,3,2,3,4,1,5675,1,2,20,4,3,1,7,5,3,7,7,7,7,802,81,32,24,34,17
7,3,3,1,3,5,4,1,2,1,1,1,3,2450,1,2,19,3,2,0,3,3,3,3,0,1,2,701,74,11,23,23,3
6,1,2,2,4,1,4,2,3,3,3,3,2,9852,1,1,19,3,1,1,10,5,2,10,8,9,6,602,64,33,13,33,20
7,2,3,2,3,5,4,2,2,1,1,2,3,2440,1,2,22,4,2,0,4,3,3,4,3,3,3,702,74,11,24,24,4
6,3,3,1,3,1,2,2,2,2,8,4,3,6949,0,2,14,3,1,0,6,3,3,5,0,1,4,601,62,82,23,23,5
8,2,3,2,1,5,2,1,3,3,9,3,3,10209,5,1,18,3,2,0,16,2,2,2,2,2,2,802,82,93,13,33,2
4,1,3,11,2,4,1,2,4,2,9,3,2,4011,0,2,18,3,4,1,5,5,2,4,2,1,3,411,41,92,23,43,14
8,3,2,20,2,2,2,2,3,1,2,2,3,3140,1,1,22,4,4,0,4,5,2,4,3,0,2,820,82,21,14,34,4
8,2,2,1,3,2,3,2,3,2,3,1,2,4103,0,2,17,3,4,1,10,2,3,9,3,1,7,801,83,32,23,33,19
9,2,2,3,3,5,4,2,3,4,3,3,2,13770,9,1,12,3,4,2,28,2,2,22,2,11,13,903,94,34,13,33,42
6,2,3,19,3,5,3,2,3,2,1,2,2,4444,4,2,13,3,3,2,15,2,4,11,8,5,10,619,63,12,23,33,31
8,3,3,3,3,1,3,2,4,2,1,4,1,5231,2,1,13,3,2,1,17,1,2,5,3,1,3,803,83,12,13,43,15
7,1,3,1,4,5,1,2,3,3,7,4,2,13603,2,1,18,3,1,2,15,2,3,5,2,0,2,701,71,73,13,33,25
7,2,3,4,2,1,4,2,3,2,9,2,2,5131,7,2,13,3,2,3,18,3,3,4,2,0,2,704,74,92,23,33,34
8,3,3,11,3,1,1,1,3,3,8,3,1,7510,1,2,17,3,2,1,10,1,3,10,9,0,9,811,81,83,23,33,20
6,2,2,25,3,5,2,2,3,2,3,3,1,4539,1,2,12,3,1,1,10,3,2,10,7,0,1,625,62,32,23,33,20
6,3,2,16,4,2,1,1,3,3,3,3,1,8161,2,2,13,3,1,3,10,2,3,1,0,0,0,616,61,33,23,33,31
6,3,3,2,1,5,4,2,1,1,1,4,2,1129,1,1,11,3,3,3,1,4,3,1,0,0,0,602,64,11,13,13,31
11,3,2,13,4,2,1,1,4,4,3,3,3,13695,6,1,17,3,3,0,24,2,2,19,7,3,8,1113,111,34,13,43,19
6,3,3,29,4,1,3,2,2,1,1,2,3,2837,1,2,13,3,3,0,6,3,3,6,2,4,1,629,63,11,23,23,6
7,3,1,6,4,3,3,1,3,1,5,1,2,2073,4,1,22,4,4,0,7,3,3,3,2,0,2,706,73,51,14,34,3
6,3,1,9,3,3,3,1,3,2,5,4,1,6347,0,1,19,3,4,0,12,2,1,11,9,4,7,609,63,52,13,33,11
4,1,2,13,2,1,4,2,3,1,2,2,1,2033,1,2,13,3,3,1,1,2,3,1,0,0,0,413,44,21,23,33,11
5,2,3,1,2,1,1,2,1,1,1,4,2,4364,3,2,14,3,1,1,5,2,3,2,2,2,0,501,51,11,23,13,12
6,3,3,6,1,5,2,1,3,1,4,1,3,2960,2,2,11,3,3,0,8,2,3,4,2,1,3,606,62,41,23,33,4
4,3,3,4,1,5,3,2,3,1,1,2,3,3295,1,2,13,3,3,0,3,3,1,3,2,1,2,404,43,11,23,33,3
6,3,2,8,4,2,3,1,3,2,3,3,2,7104,0,2,12,3,4,0,6,3,3,5,0,1,2,608,63,32,23,33,5
6,2,2,2,4,2,3,2,3,1,2,3,1,2231,6,2,18,3,4,1,6,3,3,4,3,1,2,602,63,21,23,33,14
10,3,3,3,3,6,1,2,3,3,6,3,1,13116,2,2,11,3,4,0,15,2,3,2,2,2,2,1003,101,63,23,33,2
11,3,3,3,3,5,3,2,4,1,1,1,1,2670,4,1,20,4,1,3,12,3,2,1,0,0,0,1103,113,11,14,44,31
6,3,3,8,5,1,1,2,3,4,7,2,3,16422,3,2,11,3,3,0,9,3,4,3,2,1,0,608,61,74,23,33,3
5,3,2,29,2,5,1,1,3,2,3,3,2,4306,5,2,12,3,1,2,8,5,3,0,0,0,0,529,51,32,23,33,20
6,3,2,19,3,1,4,1,1,3,3,3,1,9610,3,2,13,3,3,1,10,2,1,4,3,0,2,619,64,33,23,13,14
5,3,3,19,3,4,4,1,2,1,1,1,2,4066,1,2,11,3,1,2,7,3,3,7,7,0,7,519,54,11,23,23,27
8,2,3,26,2,5,3,2,2,2,4,4,1,4422,3,1,13,3,4,1,16,3,1,1,1,0,0,826,83,42,13,23,11
9,3,3,8,4,1,4,2,2,2,4,1,2,4615,8,1,23,4,1,3,19,2,3,16,13,1,7,908,94,42,14,24,46
10,3,3,5,3,4,3,2,3,5,6,3,2,19094,4,2,11,3,4,1,26,3,2,14,13,4,8,1005,103,65,23,33,24
7,3,3,25,4,5,3,2,3,3,8,3,2,10388,1,1,11,3,3,1,16,3,2,16,10,10,1,725,73,83,13,33,26
6,3,2,28,3,2,4,2,2,2,3,3,1,6712,1,2,21,4,4,2,8,2,3,8,7,1,7,628,64,32,24,24,28
7,3,3,18,2,1,1,1,3,2,9,3,3,4534,0,2,11,3,1,0,9,6,3,8,7,1,7,718,71,92,23,33,8
7,3,3,9,3,5,4,1,2,1,4,3,1,3388,0,1,17,3,1,1,2,0,2,1,0,0,0,709,74,41,13,23,11
5,3,2,10,3,5,3,1,2,2,3,3,3,5869,9,2,11,3,3,0,8,2,3,5,2,1,4,510,53,32,23,23,5
7,3,3,6,2,5,2,1,3,2,9,2,2,4941,6,2,20,4,4,2,7,0,3,3,2,0,1,706,72,92,24,34,23
5,3,3,4,3,1,2,2,3,1,4,3,3,2318,1,2,19,3,3,0,1,2,3,1,1,0,0,504,52,41,23,33,1
7,3,3,28,3,1,2,1,4,2,1,3,1,3407,1,2,17,3,4,2,10,3,2,10,9,6,8,728,72,12,23,43,30
6,3,3,7,4,1,3,1,3,2,1,3,2,3491,1,2,13,3,1,3,10,4,2,10,7,8,9,607,63,12,23,33,40
9,3,2,2,3,2,1,2,1,5,6,2,3,18824,2,1,16,3,1,0,26,2,3,24,10,1,11,902,91,65,13,13,24
5,3,3,12,1,1,3,2,3,1,1,4,1,2515,1,1,11,3,4,0,1,4,2,1,1,0,0,512,53,11,13,33,1
6,3,3,2,4,1,4,1,2,1,4,3,2,2768,3,2,12,3,3,1,14,3,3,7,3,5,7,602,64,41,23,23,17
9,3,2,20,3,1,4,2,3,2,3,3,3,4850,8,2,15,3,3,0,8,3,3,5,3,0,1,920,94,32,23,33,5
10,2,3,1,4,5,1,2,2,3,8,1,3,7484,3,2,20,4,3,0,23,1,2,13,12,12,8,1001,101,83,24,24,13
9,3,3,21,2,5,4,2,3,2,8,2,1,8926,4,2,22,4,4,1,13,2,4,9,7,3,7,921,94,82,24,34,19
8,2,3,2,3,1,4,1,3,3,8,4,1,10124,2,1,14,3,3,1,24,3,1,20,8,13,9,802,84,83,13,33,30
6,2,3,20,3,1,1,1,3,3,8,3,1,9824,3,2,12,3,1,0,12,2,3,1,0,0,0,620,61,83,23,33,1
9,3,3,2,4,6,4,1,3,2,9,4,2,7379,2,2,11,3,3,1,12,3,2,6,3,1,4,902,94,92,23,33,16
8,3,3,4,1,5,4,2,3,5,6,3,1,19033,1,2,14,3,2,1,21,2,3,20,8,9,9,804,84,65,23,33,30
7,3,3,3,3,6,3,1,3,2,4,2,3,4485,4,2,12,3,4,0,10,2,3,8,0,7,7,703,73,42,23,33,8
10,3,3,29,4,1,2,1,2,4,6,3,1,17046,0,2,15,3,2,1,28,2,3,27,10,15,7,1029,102,64,23,23,37
6,1,3,7,3,6,3,1,3,1,4,3,2,1274,1,2,13,3,2,2,1,2,2,1,0,0,0,607,63,41,23,33,21
6,3,3,5,2,5,2,1,2,2,1,4,1,3986,1,2,14,3,3,1,15,3,4,15,10,4,13,605,62,12,23,23,25
10,3,3,10,3,5,3,2,3,2,9,1,3,4440,6,1,19,3,4,0,9,3,3,5,2,1,4,1010,103,92,13,33,5
11,3,2,29,3,2,1,1,2,4,6,4,2,14118,3,2,12,3,3,1,32,3,2,1,0,0,0,1129,111,64,23,23,11
6,1,2,16,3,1,3,2,3,2,3,4,2,5368,1,1,25,4,3,1,7,2,3,6,5,1,2,616,63,32,14,34,16
10,2,3,6,2,5,2,2,2,1,1,3,3,2838,0,2,14,3,2,0,8,6,2,7,0,7,7,1006,102,11,23,23,7
8,3,3,14,3,1,1,1,3,1,4,3,2,2451,4,2,12,3,1,1,13,2,3,9,8,1,8,814,81,41,23,33,19
4,3,3,10,3,1,3,2,2,1,1,1,3,1416,1,2,13,3,1,0,1,6,2,1,0,1,0,410,43,11,23,23,1
10,3,3,17,5,1,4,2,2,3,7,1,2,13269,5,2,15,3,3,3,19,3,3,14,11,1,11,1017,104,73,23,23,44
4,2,2,1,1,6,1,2,2,1,2,2,3,2174,1,1,11,3,3,0,3,3,3,3,2,1,2,401,41,21,13,23,3
6,3,3,15,2,5,2,2,3,2,8,4,1,4878,0,1,13,3,1,1,10,6,3,9,7,8,1,615,62,82,13,33,19
7,3,2,3,4,1,2,1,3,2,3,4,3,6861,8,1,12,3,3,0,19,1,3,1,0,0,0,703,72,32,13,33,1
9,3,3,20,2,5,3,1,3,4,8,4,1,13496,0,1,14,3,2,0,21,2,3,20,7,4,10,920,93,84,13,33,20
9,3,3,25,3,5,1,1,3,3,8,3,3,8633,2,2,23,4,2,0,25,3,3,17,14,12,11,925,91,83,24,34,17
9,1,3,2,2,5,1,1,2,4,6,4,1,16792,9,2,23,4,4,1,22,1,3,20,8,11,8,902,91,64,24,24,30
8,3,3,1,4,1,1,1,3,1,1,4,1,2406,8,2,19,3,3,2,8,3,2,1,0,0,0,801,81,11,23,33,21
8,3,2,23,2,1,4,1,3,3,3,3,3,7082,3,1,16,3,4,0,21,2,3,2,0,0,2,823,84,33,13,33,2
10,2,2,2,3,2,3,2,2,3,3,2,1,7525,2,2,12,3,1,1,30,2,3,15,7,6,12,1002,103,33,23,23,25
10,3,3,2,3,5,3,1,3,4,7,3,1,17639,5,2,16,3,4,0,30,3,3,4,3,0,3,1002,103,74,23,33,4
7,3,1,2,3,1,4,2,2,2,5,4,1,5204,8,2,11,3,3,2,13,2,3,5,4,0,4,702,74,52,23,23,25
6,3,3,16,1,1,2,1,3,1,4,4,1,2862,1,2,12,3,2,1,10,2,2,10,0,0,8,616,62,41,23,33,20
5,3,3,29,1,1,3,1,1,2,9,2,1,6549,1,2,14,3,2,2,8,2,2,8,6,1,7,529,53,92,23,13,28
8,3,3,10,4,1,4,2,4,1,1,3,1,2213,3,1,13,3,3,1,10,3,3,7,7,1,7,810,84,11,13,43,17
6,3,2,7,1,2,4,1,3,1,2,2,3,2983,0,2,14,3,1,0,4,3,3,3,2,1,2,607,64,21,23,33,3
7,1,3,2,4,1,4,2,3,2,8,1,2,5093,2,2,11,3,1,1,16,2,4,1,0,0,0,702,74,82,23,33,11
8,3,3,20,3,1,4,1,3,1,4,2,3,3420,1,2,13,3,3,0,6,3,2,5,2,1,3,820,84,41,23,33,5
7,2,2,18,5,1,2,1,3,3,3,1,1,9069,1,2,22,4,4,1,9,3,2,9,8,1,8,718,72,33,24,34,19
5,3,2,3,1,4,3,1,3,2,3,1,1,4194,1,1,18,3,4,0,5,3,3,5,3,0,3,503,53,32,13,33,5
7,3,3,1,3,1,4,2,2,2,9,4,1,6474,1,2,13,3,2,1,14,2,2,14,8,3,11,701,74,92,23,23,24
10,3,3,1,2,1,4,1,3,4,6,4,1,17099,2,2,15,3,2,1,26,2,2,9,8,7,8,1001,104,64,23,33,19
6,3,3,20,3,6,3,2,4,1,4,3,1,2585,0,2,17,3,4,0,2,5,2,1,0,0,0,620,63,41,23,43,1
7,3,3,1,3,1,3,2,3,3,9,3,3,7861,4,1,14,3,4,0,10,4,4,1,0,0,0,701,73,93,13,33,1
4,3,3,8,1,1,2,1,1,1,1,1,1,2451,1,2,15,3,1,1,4,3,2,4,3,1,1,408,42,11,23,13,14
8,3,3,14,3,5,3,1,2,5,7,3,3,19626,1,2,14,3,1,0,21,2,4,20,7,4,9,814,83,75,23,23,20
7,1,2,10,4,5,2,1,3,3,3,4,3,9980,1,2,14,3,4,0,10,3,2,10,3,9,7,710,72,33,23,33,10
7,3,3,13,4,5,3,2,2,4,6,2,2,17123,6,1,13,3,4,2,21,4,3,19,9,15,2,713,73,64,13,23,39
5,2,3,1,1,5,1,2,2,1,4,3,2,2007,1,2,13,3,3,2,5,5,3,5,3,1,3,501,51,41,23,23,25
5,3,2,8,2,4,1,2,3,2,3,3,2,4907,0,1,22,4,2,1,6,3,2,5,3,0,4,508,51,32,14,34,15
7,1,2,8,4,6,1,1,3,2,3,4,2,5079,4,2,13,3,4,2,12,3,3,7,7,0,7,708,71,32,23,33,27
7,3,2,7,4,2,4,2,2,2,3,4,3,4028,0,2,20,4,1,0,8,2,3,7,7,0,5,707,74,32,24,24,7
8,2,2,1,5,2,1,2,3,2,3,3,1,4768,7,2,12,3,3,1,11,4,2,1,0,0,0,801,81,32,23,33,11
6,2,3,1,1,1,3,2,3,2,9,1,1,4148,1,2,12,3,3,1,4,1,3,4,3,0,3,601,63,92,23,33,14
6,3,2,13,4,5,2,1,3,2,3,1,2,4233,2,2,17,3,3,0,9,2,1,3,1,1,2,613,62,32,23,33,3
5,2,2,3,1,5,4,2,4,2,3,4,2,4647,1,1,20,4,2,2,6,3,3,6,5,0,4,503,54,32,14,44,26
11,3,3,7,3,1,4,1,1,3,9,4,3,7260,4,2,11,3,1,0,37,3,2,6,4,0,2,1107,114,93,23,13,6
11,2,3,18,4,5,3,1,3,2,8,2,1,6385,3,1,14,3,4,2,17,3,3,8,7,6,7,1118,113,82,13,33,28
7,1,3,25,2,1,3,1,3,3,8,3,1,10920,3,2,21,4,2,1,13,2,3,6,4,0,5,725,73,83,24,34,16
7,3,3,4,1,1,3,1,3,1,4,3,1,2996,7,1,15,3,4,0,8,2,3,6,4,1,3,704,73,41,13,33,6
7,3,3,9,2,5,2,1,2,2,9,2,2,8847,2,1,11,3,3,1,13,2,3,3,2,0,2,709,72,92,13,23,13
7,3,3,11,3,5,1,2,3,1,1,3,3,3629,4,2,18,3,1,0,8,6,3,3,2,0,2,711,71,11,23,33,3
6,3,2,1,3,6,4,1,2,3,3,3,1,7083,1,1,14,3,4,0,10,3,3,10,9,8,6,601,64,33,13,23,10
8,3,3,6,3,1,2,2,3,4,9,3,3,13237,7,2,15,3,3,0,22,3,3,20,6,5,13,806,82,94,23,33,20
7,2,1,10,4,3,3,1,3,2,5,3,1,6077,3,2,11,3,3,0,10,2,3,6,3,1,2,710,73,52,23,33,6
6,3,3,3,3,1,4,2,3,2,4,2,2,5433,1,2,12,3,3,1,11,2,3,11,8,7,9,603,64,42,23,33,21
11,2,2,1,1,1,1,2,2,2,3,3,3,5473,7,2,11,3,4,0,20,2,2,4,3,1,3,1101,111,32,23,23,4
7,2,3,4,4,4,4,1,2,1,1,4,1,2376,1,2,13,3,2,1,2,2,4,2,2,2,2,704,74,11,23,23,12
7,3,2,3,2,5,4,2,3,2,3,3,1,5238,4,1,18,3,1,0,12,3,2,1,0,0,0,703,74,32,13,33,1
5,3,3,16,2,5,2,1,4,2,8,1,3,5661,0,2,19,3,3,0,9,2,3,8,3,0,7,516,52,82,23,43,8
5,3,2,13,1,5,2,1,3,1,2,3,1,2096,1,2,11,3,3,0,7,1,3,7,4,0,6,513,52,21,23,33,7
5,3,3,9,4,5,4,2,3,1,1,3,1,2974,9,2,17,3,3,1,9,2,3,5,3,1,2,509,54,11,23,33,15
9,1,3,23,2,1,4,1,3,2,1,1,1,3633,1,1,15,3,3,1,9,2,3,9,8,0,8,923,94,12,13,33,19
7,3,3,10,2,1,4,1,4,1,4,4,3,4680,3,2,17,3,1,0,4,2,3,1,0,0,0,710,74,41,23,43,1
9,3,3,28,3,6,4,1,3,1,4,4,1,2132,4,2,20,4,4,1,8,3,3,5,4,0,3,928,94,41,24,34,15
6,1,2,2,3,2,4,2,3,2,3,2,3,5147,8,2,15,3,4,0,13,2,2,11,7,1,7,602,64,32,23,33,11
6,3,3,1,5,1,2,1,3,1,4,4,1,2691,1,2,12,3,4,1,10,4,2,10,9,8,8,601,62,41,23,33,20
11,2,3,9,3,5,1,2,3,1,4,3,1,2942,2,2,19,3,2,1,18,4,3,5,4,0,3,1109,111,41,23,33,15
6,2,3,5,3,5,2,2,3,1,1,2,3,2422,0,2,17,3,1,0,4,3,3,3,2,1,2,605,62,11,23,33,3
8,3,3,7,2,5,4,2,3,2,9,3,3,5003,6,2,14,3,2,0,8,6,3,2,2,2,1,807,84,92,23,33,2
9,3,3,6,1,1,3,2,2,4,8,3,1,13966,2,1,19,3,2,1,30,3,3,15,11,2,12,906,93,84,13,23,25
3,3,3,3,1,5,2,2,3,1,1,2,3,1483,1,2,14,3,4,0,1,3,3,1,0,0,0,303,32,11,23,33,1
9,3,2,11,2,1,4,2,3,4,6,4,1,17650,3,2,13,3,2,1,26,4,4,9,3,1,1,911,94,64,23,33,19
8,1,3,17,3,1,4,1,1,1,4,3,3,2290,2,2,13,3,4,0,6,3,3,0,0,0,0,817,84,41,23,13,0
5,3,2,10,3,2,4,1,3,1,2,2,2,2297,1,2,14,3,4,2,2,2,3,2,2,2,2,510,54,21,23,33,22
7,2,2,11,2,2,4,1,3,2,3,4,2,4968,1,2,11,3,4,1,5,3,3,5,2,0,2,711,74,32,23,33,15
10,3,3,6,3,1,4,1,3,2,1,4,3,2450,2,2,17,3,4,0,19,4,3,2,2,2,2,1006,104,12,23,33,2
4,2,3,10,2,1,1,2,2,1,1,3,3,2625,1,2,20,4,3,0,2,2,1,2,2,2,2,410,41,11,24,24,2
5,2,3,6,3,4,3,1,4,1,1,4,1,2544,0,2,18,3,1,1,8,3,3,7,7,7,7,506,53,11,23,43,17
9,1,3,7,4,5,3,2,3,2,9,3,1,5258,2,2,14,3,3,0,7,2,4,1,0,0,0,907,93,92,23,33,1
9,3,3,2,2,4,3,2,3,4,6,4,1,16752,1,1,11,3,3,1,26,3,2,26,14,3,0,902,93,64,13,33,36
9,1,2,6,3,5,4,2,2,3,3,4,3,8865,6,2,12,3,4,0,23,2,3,19,7,12,8,906,94,33,23,23,19
8,3,3,2,3,1,1,1,3,5,6,3,1,18880,5,2,11,3,1,0,24,2,2,22,6,4,14,802,81,65,23,33,22
4,3,3,24,3,5,4,1,3,1,1,2,3,3597,8,2,22,4,4,0,6,2,3,4,3,1,2,424,44,11,24,34,4
10,3,3,2,3,5,4,1,1,2,9,2,2,5482,5,2,18,3,4,1,13,3,3,4,1,1,2,1002,104,92,23,13,14
8,2,2,2,4,5,2,1,3,2,3,2,1,4327,5,2,12,3,4,3,5,2,3,0,0,0,0,802,82,32,23,33,30
7,1,2,21,4,1,1,2,1,2,3,3,1,5736,6,2,19,3,3,1,10,1,3,3,2,1,2,721,71,32,23,13,13
7,3,3,27,1,5,3,2,2,1,4,1,3,2559,1,2,11,3,4,0,6,3,2,6,5,1,1,727,73,41,23,23,6
9,3,3,9,3,1,2,1,3,2,1,2,2,2348,8,2,18,3,3,1,20,2,1,17,9,0,15,909,92,12,23,33,27
7,2,2,7,3,2,1,2,4,2,3,1,1,4639,2,2,16,3,4,1,17,2,2,15,7,6,13,707,71,32,23,43,25
5,1,2,1,1,2,3,1,3,2,3,2,1,6349,0,1,13,3,4,1,6,0,3,5,4,1,4,501,53,32,13,33,15
6,2,2,12,4,1,2,1,2,1,2,1,1,2033,1,2,18,3,3,1,1,2,4,1,0,0,0,612,62,21,23,23,11
6,2,2,7,3,1,4,2,3,2,3,2,1,4302,0,2,17,3,3,1,4,3,3,3,2,0,2,607,64,32,23,33,13
7,3,3,2,4,6,4,2,2,2,8,3,3,4553,1,2,11,3,1,0,20,4,3,20,7,11,10,702,74,82,23,23,20
6,3,3,8,2,1,2,2,4,3,7,1,1,11416,0,1,12,3,3,3,9,4,2,8,7,1,7,608,62,73,13,43,38
8,3,3,2,3,1,3,2,4,3,8,4,1,7879,1,1,19,3,2,1,9,2,3,8,7,6,7,802,83,83,13,43,18
5,2,2,8,3,1,4,1,3,3,3,3,3,8726,1,2,15,3,4,0,9,0,3,9,8,1,7,508,54,33,23,33,9
7,3,3,10,3,4,2,1,3,1,1,4,2,3917,1,2,20,4,1,1,3,4,2,3,2,1,2,710,72,11,24,34,13
5,3,3,16,4,5,1,1,3,1,1,2,2,2373,2,1,13,3,4,1,5,2,3,3,2,0,2,516,51,11,13,33,13
10,3,2,2,1,2,1,2,1,5,6,4,1,19845,1,2,15,3,4,1,33,3,3,32,14,6,9,1002,101,65,23,13,42
6,3,3,4,4,5,1,2,2,1,1,2,1,3838,8,2,11,3,4,0,8,5,3,5,4,0,2,604,61,11,23,23,5
8,3,2,9,3,2,1,2,1,2,3,3,3,5346,8,2,13,3,2,0,7,2,2,4,3,1,3,809,81,32,23,13,4
9,2,3,4,5,5,3,1,2,4,6,4,1,15202,2,2,25,4,2,1,23,3,3,2,2,2,2,904,93,64,24,24,12
8,3,2,5,3,2,2,1,3,5,6,2,1,18213,7,2,11,3,3,1,26,5,3,22,9,3,10,805,82,65,23,33,32
8,1,3,10,4,6,3,1,3,1,4,3,1,2936,3,2,22,4,2,2,10,1,2,6,3,3,3,810,83,41,24,34,26
6,1,2,4,4,2,3,2,3,2,3,3,1,6538,9,2,15,3,1,1,6,3,3,3,2,1,2,604,63,32,23,33,13
6,2,2,1,3,1,4,2,3,1,2,2,3,2302,1,1,11,3,1,0,3,2,4,3,2,2,2,601,64,21,13,33,3
8,3,3,8,4,1,1,1,4,1,1,4,1,2818,2,1,24,4,3,1,10,2,2,3,2,0,2,808,81,11,14,44,13
6,1,2,17,3,1,4,1,3,4,6,3,3,17444,1,2,11,3,4,0,10,2,3,10,8,6,0,617,64,64,23,33,10
5,3,3,17,4,1,4,2,3,1,4,3,3,2394,1,1,13,3,4,0,8,2,3,8,2,7,7,517,54,41,13,33,8
6,3,3,9,3,1,4,1,3,3,8,4,2,8500,0,2,11,3,4,1,10,0,2,9,7,1,6,609,64,83,23,33,19
5,2,3,2,1,1,4,2,3,1,1,2,1,3180,0,2,13,3,3,3,4,3,3,3,2,0,2,502,54,11,23,33,33
8,1,2,24,3,1,2,2,4,4,3,2,3,13194,4,1,16,3,4,0,22,2,2,1,0,0,0,824,82,34,13,43,1
7,3,3,5,4,1,2,2,3,3,8,1,1,8008,4,2,12,3,3,2,9,6,3,3,2,0,2,705,72,83,23,33,23
7,3,2,2,3,2,4,2,3,1,2,4,1,2014,1,2,13,3,1,0,2,3,3,2,2,2,2,702,74,21,23,33,2
5,3,3,4,1,6,4,1,3,1,1,4,1,3691,1,1,15,3,2,1,7,3,4,7,7,5,6,504,54,11,13,33,17
4,3,3,18,1,4,4,2,3,1,4,4,3,2693,1,2,19,3,1,0,1,3,2,1,0,0,0,418,44,41,23,33,1
5,2,2,24,3,6,3,1,4,1,2,1,3,1091,1,2,17,3,4,0,1,3,3,1,0,0,0,524,53,21,23,43,1
7,3,3,1,3,6,4,2,3,3,7,1,1,13582,1,2,13,3,2,1,15,3,3,15,12,5,11,701,74,73,23,33,25
7,2,3,2,4,6,3,2,3,3,8,3,3,10938,0,2,25,4,4,0,20,1,3,19,6,11,8,702,73,83,24,34,19
8,3,3,15,2,1,3,1,2,4,7,3,1,17603,1,2,24,4,1,1,14,3,3,14,10,6,11,815,83,74,24,24,24
5,3,3,2,1,4,4,1,3,1,1,3,2,3977,6,1,19,3,3,1,7,2,2,2,2,0,2,502,54,11,13,33,12
11,3,2,10,4,5,4,1,3,4,3,3,3,13872,0,2,13,3,3,0,38,1,2,37,10,1,8,1110,114,34,23,33,37
8,3,2,14,2,5,3,2,2,2,3,3,3,6244,7,2,17,3,1,0,10,6,3,5,4,0,3,814,83,32,23,23,5
6,3,3,2,1,5,2,1,2,1,1,4,3,2720,0,2,13,3,4,0,6,3,3,5,3,1,2,602,62,11,23,23,5
7,3,3,9,4,5,2,1,3,2,4,3,3,5098,1,2,19,3,2,0,10,5,3,10,7,0,8,709,72,42,23,33,10
5,3,3,24,3,5,3,1,3,1,1,2,1,2408,1,1,17,3,3,3,1,3,3,1,1,0,0,524,53,11,13,33,31
5,3,2,10,3,2,4,2,2,2,3,4,1,5769,1,1,11,3,4,0,6,3,3,6,2,4,4,510,54,32,13,23,6
5,2,3,10,2,1,4,1,3,3,9,1,2,8793,1,2,21,4,3,2,9,4,2,9,7,1,7,510,54,93,24,34,29
8,3,2,4,1,2,3,2,3,3,3,3,2,10447,0,1,13,3,4,1,23,3,4,22,14,13,5,804,83,33,13,33,32
10,3,3,2,5,6,3,2,2,3,9,4,1,10169,0,2,16,3,2,1,34,4,3,33,7,1,9,1002,103,93,23,23,43
7,3,3,25,2,4,1,1,2,2,1,4,3,3681,4,2,14,3,4,0,9,3,3,3,2,0,2,725,71,12,23,23,3
5,1,3,7,3,5,4,1,3,1,1,4,3,2570,1,2,20,4,3,0,7,5,3,7,7,5,7,507,54,11,24,34,7
6,2,3,24,1,6,4,2,3,2,9,4,3,5238,2,2,20,4,4,0,9,3,2,5,4,1,4,624,64,92,24,34,5
7,3,3,11,2,5,1,2,1,2,8,2,1,4777,5,2,15,3,1,0,15,2,1,1,0,0,0,711,71,82,23,13,1
9,2,3,22,3,5,4,2,3,4,6,4,2,17174,3,2,11,3,2,1,24,3,3,22,17,4,7,922,94,64,23,33,32
10,2,2,12,3,2,3,2,3,3,3,4,3,9208,4,2,11,3,4,0,16,3,3,2,2,2,1,1012,103,33,23,33,2
7,2,3,8,3,5,4,2,2,2,4,2,2,2133,1,1,16,3,3,1,20,3,3,20,11,0,7,708,74,42,13,23,30
6,3,3,22,3,1,1,2,3,1,4,3,1,2132,4,1,11,3,2,0,7,2,3,5,2,0,1,622,61,41,13,33,5
9,3,3,1,4,5,4,2,3,1,1,4,2,2270,3,2,14,3,4,2,8,2,3,5,3,0,2,901,94,11,23,33,25
8,1,3,9,3,1,1,1,3,1,4,3,3,2438,4,2,13,3,3,0,7,2,2,3,2,1,2,809,81,41,23,33,3
5,2,3,10,3,1,4,2,3,1,4,2,2,3291,0,2,14,3,4,2,8,2,2,7,5,1,1,510,54,41,23,33,27
10,3,2,2,2,5,3,1,3,4,6,3,2,14852,6,2,13,3,3,1,22,3,4,17,13,15,2,1002,103,64,23,33,27
9,3,3,3,2,5,3,2,2,2,1,1,1,4789,4,2,25,4,1,1,10,3,3,3,2,1,2,903,93,12,24,24,13
9,3,3,4,3,1,3,2,2,3,9,2,2,10333,8,1,12,3,3,1,28,4,3,22,11,14,10,904,93,93,13,23,32
4,3,3,9,3,5,3,1,4,1,4,3,1,4401,1,2,16,3,4,1,5,1,3,5,3,0,4,409,43,41,23,43,15
8,3,3,9,4,1,3,1,3,1,1,1,1,2238,2,2,21,4,4,1,7,2,3,5,0,1,4,809,83,11,24,34,15
9,2,2,4,1,5,2,1,3,2,2,3,3,2976,3,2,19,3,1,0,5,3,3,0,0,0,0,904,92,22,23,33,0
6,3,2,4,2,1,3,2,3,1,2,2,1,3931,2,2,11,3,1,1,6,5,3,4,3,1,2,604,63,21,23,33,14
5,3,3,1,3,5,3,1,3,1,1,1,3,2867,0,2,13,3,4,0,8,6,2,7,7,7,6,501,53,11,23,33,7
7,3,2,1,4,2,3,1,2,2,3,1,3,4312,0,2,14,3,2,0,16,2,3,15,13,2,8,701,73,32,23,23,15
6,3,3,18,3,1,1,2,3,1,4,3,3,2632,1,2,14,3,3,0,5,4,2,5,4,0,4,618,61,41,23,33,5
6,3,2,29,4,6,3,1,3,3,3,2,1,9250,3,2,12,3,2,1,9,3,3,4,2,1,3,629,63,33,23,33,14
7,3,3,7,4,4,2,1,3,1,4,4,3,4678,2,2,18,3,3,0,8,6,3,6,2,0,1,707,72,41,23,33,6
6,3,2,5,3,2,4,2,2,2,3,3,2,6118,1,2,13,3,3,3,10,2,3,10,9,1,2,605,64,32,23,23,40
6,3,2,3,3,4,4,1,1,2,3,1,3,4759,3,2,18,3,4,0,15,2,3,13,9,3,12,603,64,32,23,13,13
9,3,2,8,4,6,4,1,2,4,3,2,1,13120,6,2,17,3,2,1,22,3,3,9,8,2,3,908,94,34,23,23,19
7,3,3,19,4,4,4,1,3,2,4,4,2,3902,8,2,14,3,2,3,7,2,3,2,2,2,2,719,74,42,23,33,32
8,3,3,6,3,5,1,2,2,5,6,3,1,19392,7,2,13,3,4,0,21,2,3,16,12,6,14,806,81,65,23,23,16
9,3,2,29,1,5,1,2,3,3,6,3,1,12504,3,2,21,4,2,1,15,3,1,0,0,0,0,929,91,63,24,34,10
8,1,2,10,2,1,4,1,3,2,3,4,3,6230,7,2,14,3,4,0,16,3,3,14,3,1,10,810,84,32,23,33,14
5,3,3,1,4,5,1,1,3,1,4,4,1,4787,9,1,14,3,2,3,4,3,4,2,2,2,2,501,51,41,13,33,32
5,3,3,1,3,5,4,2,3,1,4,2,3,2096,1,2,18,3,4,0,2,3,2,2,2,2,1,501,54,41,23,33,2
4,1,3,26,2,4,2,2,2,1,4,3,1,2814,1,1,14,3,2,0,4,2,2,4,2,1,3,426,42,41,13,23,4
6,3,1,18,5,3,4,1,4,1,5,1,1,2956,0,2,17,3,3,0,2,4,3,1,0,0,0,618,64,51,23,43,1
9,2,3,10,4,1,3,2,3,5,7,1,3,18665,9,1,11,3,4,0,22,4,3,3,2,1,2,910,93,75,13,33,3
9,1,3,1,1,5,3,2,3,3,7,2,1,11957,0,2,18,3,1,2,14,3,1,13,8,5,12,901,93,73,23,33,33
6,1,2,23,4,2,2,1,3,2,3,3,3,4568,0,2,20,4,3,0,10,2,3,9,5,8,7,623,62,32,24,34,9
9,2,3,1,4,5,2,1,3,2,8,3,3,5399,4,2,12,3,3,0,12,3,3,4,2,0,3,901,92,82,23,33,4
8,3,3,16,3,1,3,2,3,3,9,4,3,7945,6,1,15,3,4,0,18,2,2,4,2,3,3,816,83,93,13,33,4
10,3,3,28,3,1,4,2,3,4,7,1,1,16880,4,1,11,3,2,0,25,2,3,3,2,1,2,1028,104,74,13,33,3
9,3,3,25,4,1,3,2,3,1,1,1,1,3211,1,2,14,3,4,1,10,3,2,9,6,1,4,925,93,11,23,33,19
10,3,3,4,1,1,1,1,3,5,7,2,2,19144,3,2,14,3,1,2,28,4,2,10,4,1,6,1004,101,75,23,33,30
5,3,3,1,3,1,1,2,3,2,9,3,1,4898,0,2,12,3,4,2,5,3,3,4,2,1,2,501,51,92,23,33,24
8,3,2,4,4,2,4,2,2,3,3,4,3,10231,3,2,14,3,4,0,23,3,4,21,7,15,17,804,84,33,23,23,21
9,3,3,2,3,1,2,2,2,1,4,3,3,2274,1,2,14,3,4,0,1,3,3,1,0,0,0,902,92,41,23,23,1
6,3,2,2,3,2,3,2,3,2,3,1,3,4538,0,1,12,3,4,0,4,3,3,3,2,0,2,602,63,32,13,33,3
6,2,2,26,4,2,3,2,2,2,3,1,3,6696,5,2,15,3,3,0,9,5,2,6,3,0,1,626,63,32,23,23,6
6,3,2,5,3,2,4,2,3,1,2,3,3,2851,1,1,13,3,2,0,1,2,3,1,0,0,0,605,64,21,13,33,1
6,3,1,3,2,3,3,1,3,1,5,4,1,3737,0,2,19,3,3,1,4,1,1,3,2,0,2,603,63,51,23,33,13
7,3,3,10,5,5,2,1,3,2,9,1,1,5377,2,2,13,3,4,3,10,3,3,7,7,7,7,710,72,92,23,33,37
5,3,3,8,4,4,2,1,1,1,1,1,1,2119,1,1,11,3,4,0,7,4,2,7,7,0,7,508,52,11,13,13,7
7,3,3,6,4,1,2,1,1,2,4,4,3,6646,1,2,13,3,2,0,17,3,3,17,11,11,8,706,72,42,23,13,17
6,2,1,23,3,3,2,2,3,3,5,1,2,9950,9,1,15,3,3,3,11,2,3,3,2,0,2,623,62,53,13,33,33
6,3,3,5,3,6,4,2,3,1,4,1,2,3204,5,2,14,3,4,1,8,3,3,3,2,2,2,605,64,41,23,33,13
5,3,3,1,3,6,3,1,3,1,4,3,3,2058,0,2,14,3,4,0,7,1,2,6,2,1,5,501,53,41,23,33,6
9,3,2,2,3,4,4,1,3,2,3,2,1,4805,0,2,19,3,2,1,9,3,4,8,7,3,7,902,94,32,23,33,18
6,3,3,25,4,1,1,1,3,1,1,4,3,2795,1,1,24,4,3,0,1,2,1,1,0,0,1,625,61,11,14,34,1
5,3,3,9,3,5,4,1,3,1,4,4,1,2070,1,2,23,4,4,1,5,3,2,5,2,0,4,509,54,41,24,34,15
8,2,3,5,2,4,2,1,3,1,1,3,1,2093,4,2,17,3,4,1,8,4,3,2,2,2,0,805,82,11,23,33,12
11,3,3,2,4,1,4,1,3,5,7,2,3,19246,7,1,12,3,4,0,40,2,3,31,15,13,8,1102,114,75,13,33,31
6,3,2,2,4,2,3,1,2,2,3,2,3,9907,7,1,12,3,3,0,7,3,2,2,2,2,2,602,63,32,13,23,2
6,3,3,15,1,5,2,1,3,3,6,3,1,13610,7,1,12,3,4,0,15,2,4,7,6,7,7,615,62,63,13,33,7
9,3,2,3,3,6,1,2,4,4,3,1,2,13225,2,2,12,3,4,1,25,5,3,19,17,2,8,903,91,34,23,43,29
7,2,2,20,3,1,3,1,3,2,3,4,2,4127,2,2,18,3,4,1,7,6,3,2,1,2,2,720,73,32,23,33,12
9,3,3,7,4,1,3,1,3,3,8,2,2,10466,3,2,14,3,2,2,29,3,3,8,7,0,7,907,93,83,23,33,28
11,3,2,21,3,1,4,2,3,4,6,4,1,17875,4,1,13,3,3,1,29,2,2,1,0,0,0,1121,114,64,13,33,11
8,2,3,2,1,5,2,1,3,1,4,4,3,2515,5,1,14,3,4,0,8,2,3,2,1,2,2,802,82,41,13,33,2
7,3,3,29,1,5,2,1,3,2,8,1,1,6673,7,1,19,3,2,0,17,2,3,1,0,0,0,729,72,82,13,33,1
8,3,2,22,2,2,3,1,2,2,3,3,1,6380,2,1,12,3,1,2,8,6,3,6,4,1,0,822,83,32,13,23,26
5,2,2,1,2,1,3,1,2,2,3,4,1,6834,1,1,12,3,3,1,7,2,3,7,7,0,7,501,53,32,13,23,17
7,3,3,2,4,4,4,2,3,2,4,2,1,6962,4,1,22,4,4,1,15,2,3,1,0,0,0,702,74,42,14,34,11
7,1,3,2,2,5,2,1,3,2,9,4,2,5762,2,2,14,3,3,1,15,6,3,7,7,1,7,702,72,92,23,33,17
6,3,2,8,2,1,1,1,3,3,3,4,2,10793,1,2,18,3,1,1,13,5,3,13,7,9,9,608,61,33,23,33,23
8,3,2,14,2,1,4,2,3,2,3,1,1,4639,1,2,15,3,3,1,5,2,3,5,4,1,2,814,84,32,23,33,15
6,2,2,10,4,2,4,1,3,2,3,4,3,4648,8,2,13,3,3,0,4,2,4,0,0,0,0,610,64,32,23,33,0
7,3,2,2,2,1,2,2,3,2,3,1,2,6893,3,2,15,3,4,1,11,3,3,7,7,1,7,702,72,32,23,33,17
10,3,3,7,3,1,3,1,4,4,7,3,1,14814,3,2,19,3,3,0,32,3,3,5,1,1,3,1007,103,74,23,43,5
8,3,3,8,4,4,3,2,3,2,8,3,2,4522,4,1,14,3,4,0,8,3,3,5,2,0,2,808,83,82,13,33,5
6,3,3,24,3,5,3,2,2,2,8,1,3,6812,1,2,19,3,2,0,10,2,3,10,9,1,8,624,63,82,23,23,10
7,2,3,18,4,1,3,1,4,1,1,4,1,3688,4,2,18,3,4,2,4,2,3,1,0,0,0,718,73,11,23,43,21
8,3,3,29,4,4,4,1,3,2,4,4,3,4541,1,2,25,4,2,0,20,3,3,20,11,13,17,829,84,42,24,34,20
9,3,3,29,3,6,2,1,3,3,9,4,1,9380,4,1,18,3,4,2,10,4,4,3,1,1,2,929,92,93,13,33,23
9,3,3,18,3,5,3,2,3,2,9,3,2,4810,2,2,14,3,3,1,19,5,2,10,7,0,8,918,93,92,23,33,20
6,2,2,5,3,2,4,2,3,1,2,2,2,2789,1,2,11,3,3,1,2,5,2,2,2,2,2,605,64,21,23,33,12
5,3,3,5,3,1,3,2,3,1,4,2,3,2478,1,1,12,3,2,0,4,2,2,4,3,1,2,505,53,41,13,33,4
7,3,3,10,3,5,3,2,3,2,8,3,1,9824,3,2,19,3,3,1,18,4,3,1,0,0,0,710,73,82,23,33,11
7,3,3,2,2,5,4,2,2,3,9,3,1,7756,3,1,19,3,4,1,10,6,4,5,4,0,2,702,74,93,13,23,15
6,3,2,5,3,6,1,1,3,2,3,3,1,8346,1,2,19,3,3,1,6,3,3,5,2,0,2,605,61,32,23,33,15
6,2,3,1,4,4,3,2,4,2,8,2,1,5488,1,1,13,3,1,1,6,2,3,6,5,1,2,601,63,82,13,43,16
8,2,3,1,2,5,3,1,3,1,4,2,2,2342,1,1,12,3,3,3,6,2,2,5,3,2,3,801,83,41,13,33,35
6,3,2,16,3,1,1,2,3,3,3,1,3,8564,2,1,20,4,3,0,11,2,2,0,0,0,0,616,61,33,14,34,0
7,3,3,16,3,1,4,2,2,3,8,2,3,8606,1,2,19,3,4,0,11,3,1,11,8,3,3,716,74,83,23,23,11
5,3,2,19,2,2,3,1,2,1,2,2,1,2413,1,1,18,3,3,3,1,2,3,1,0,0,0,519,53,21,13,23,31
6,3,3,2,3,5,4,1,3,2,4,2,2,5470,0,2,13,3,3,2,10,4,2,9,5,1,6,602,64,42,23,33,29
5,1,3,16,3,5,3,1,3,1,4,3,3,2144,1,2,14,3,3,0,5,3,2,5,3,1,4,516,53,41,23,33,5
6,3,3,6,5,1,3,1,3,1,4,3,3,3038,3,2,20,4,1,0,8,2,3,5,4,1,4,606,63,41,24,34,5
8,3,3,9,2,4,4,1,2,5,6,4,3,19613,8,2,22,4,4,0,24,2,3,1,0,0,1,809,84,65,24,24,1
7,3,3,15,3,4,1,1,3,2,1,3,2,4834,7,2,14,3,2,1,9,3,2,1,0,0,0,715,71,12,23,33,11
8,2,3,1,3,1,4,2,3,2,8,4,1,5562,4,2,13,3,2,1,12,2,2,5,2,2,2,801,84,82,23,33,15
8,3,2,10,3,6,2,2,2,2,3,2,2,6852,7,2,12,3,2,1,7,2,4,5,1,1,3,810,82,32,23,23,15
7,3,2,10,4,6,2,2,2,2,3,3,1,5673,1,1,13,3,1,1,10,4,3,10,9,1,7,710,72,32,13,23,20
4,2,2,24,3,5,4,1,3,1,2,4,1,2400,0,2,13,3,3,2,3,3,3,2,2,2,1,424,44,21,23,33,22
11,1,3,1,4,1,3,1,3,2,8,3,2,6306,1,2,21,4,1,1,13,2,2,13,12,1,9,1101,113,82,24,34,23
7,2,2,21,2,5,3,2,3,1,2,4,1,2973,5,2,15,3,2,1,10,3,3,5,4,0,0,721,73,21,23,33,15
8,3,2,1,2,1,2,2,3,2,3,4,3,5993,8,1,11,3,1,0,8,0,1,6,4,0,5,801,82,32,13,33,6
11,3,3,2,3,1,3,2,2,4,9,4,3,13726,3,1,13,3,1,0,30,4,3,5,3,4,3,1102,113,94,13,23,5
6,2,2,7,4,2,1,2,3,3,3,1,1,9637,2,2,14,3,4,2,9,3,3,3,2,2,2,607,61,33,23,33,23
7,3,2,27,3,1,3,1,3,2,3,4,3,5813,1,1,18,3,4,0,10,2,3,10,7,7,7,727,73,32,13,33,10
5,3,3,3,4,5,1,1,4,1,1,4,1,4420,1,2,22,4,2,1,8,2,3,8,7,0,7,503,51,11,24,44,18
6,2,3,10,4,5,4,1,3,1,4,3,2,3815,1,1,17,3,4,1,5,4,4,5,3,2,0,610,64,41,13,33,15
3,3,3,9,2,1,3,1,3,1,4,1,3,2552,1,2,25,4,3,0,1,4,3,1,1,0,0,309,33,41,24,34,1
6,3,2,5,3,1,2,2,3,3,3,4,1,9419,2,2,12,3,3,1,12,2,3,10,9,7,4,605,62,33,23,33,20
8,1,3,16,2,1,3,1,3,1,4,3,2,3544,9,2,16,3,2,1,6,0,3,4,2,0,0,816,83,41,23,33,14
7,3,3,7,4,5,1,1,3,3,7,3,3,13664,4,2,13,3,1,0,16,3,4,5,2,0,2,707,71,73,23,33,5
8,2,3,29,2,1,1,2,3,2,4,3,2,4556,2,2,11,3,2,1,19,3,3,5,4,0,2,829,81,42,23,33,15
5,3,3,1,4,6,1,1,2,1,4,1,3,2362,6,2,13,3,3,0,11,2,1,9,7,0,7,501,51,41,23,23,9
9,3,2,4,2,1,4,2,3,2,3,4,3,4163,1,1,17,3,3,0,9,0,3,9,0,0,7,904,94,32,13,33,9
9,3,2,4,2,1,3,2,3,2,3,1,2,5006,4,1,11,3,1,1,9,3,4,5,4,0,3,904,93,32,13,33,15
6,3,3,1,4,4,4,1,3,1,4,4,3,2686,1,1,13,3,3,0,10,2,2,10,9,7,8,601,64,41,13,33,10
5,3,2,26,3,1,3,1,2,2,3,1,1,4724,1,2,11,3,3,1,5,0,3,5,3,0,4,526,53,32,23,23,15
7,3,3,1,1,1,3,2,3,1,4,1,3,2619,3,2,17,3,4,0,8,3,2,0,0,0,0,701,73,41,23,33,0
10,1,2,29,4,1,1,1,3,1,2,4,2,3482,2,2,15,3,2,2,16,3,2,9,8,0,0,1029,101,21,23,33,29
7,3,3,5,2,1,4,1,3,2,1,2,3,5914,8,2,16,3,4,0,16,3,4,13,11,3,7,705,74,12,23,33,13
8,3,3,20,4,6,1,1,3,3,8,4,1,10322,4,2,20,4,4,1,14,6,3,11,10,11,1,820,81,83,24,34,21
11,3,2,2,1,5,3,1,3,2,3,4,3,5160,4,2,16,3,3,0,12,3,2,9,7,7,3,1102,113,32,23,33,9
6,3,2,6,4,5,2,1,3,2,3,3,3,5010,1,2,16,3,1,0,12,0,3,11,8,5,7,606,62,32,23,33,11
5,3,3,1,3,1,1,1,2,1,4,3,2,1563,1,2,14,3,4,1,1,2,1,1,0,0,0,501,51,41,23,23,11
6,3,3,22,4,5,4,1,3,2,9,3,1,6179,1,1,15,3,4,2,10,3,2,10,2,6,7,622,64,92,13,33,30
7,3,3,10,4,5,4,1,3,2,9,1,3,4213,1,2,15,3,2,0,10,4,1,10,3,0,8,710,74,92,23,33,10
11,3,3,2,3,1,3,2,3,4,6,4,3,16659,2,1,13,3,3,0,30,2,3,5,4,1,2,1102,113,64,13,33,5
5,3,3,9,3,1,3,1,4,1,4,3,1,2451,6,2,18,3,1,2,5,2,2,1,0,0,0,509,53,41,23,43,21
9,3,3,2,4,5,3,1,3,5,7,4,2,19328,7,1,17,3,3,1,24,3,3,2,1,2,2,902,93,75,13,33,12
7,3,3,7,2,1,3,1,2,1,1,4,1,2690,1,2,18,3,4,1,1,5,2,1,0,0,1,707,73,11,23,23,11
11,3,2,26,5,2,3,1,2,5,6,4,1,19586,1,2,21,4,3,1,36,3,3,36,6,2,13,1126,113,65,24,24,46
8,3,2,1,1,1,2,1,3,2,3,3,1,4907,1,2,25,4,3,0,20,3,3,20,16,11,6,801,82,32,24,34,20
6,3,2,7,3,6,2,1,4,2,3,4,1,6929,4,2,11,3,2,1,10,3,2,8,7,7,7,607,62,32,23,43,18
11,3,3,9,3,5,3,1,3,4,8,4,1,11103,7,2,11,3,3,0,30,1,2,10,7,1,1,1109,113,84,23,33,10
5,3,3,1,2,1,2,2,2,1,1,1,1,2319,1,1,11,3,4,1,1,1,3,1,0,0,0,501,52,11,13,23,11
6,3,2,9,3,5,2,1,3,1,2,4,3,1081,1,2,13,3,3,0,1,3,2,1,0,0,0,609,62,21,23,33,1
7,3,3,10,4,6,4,2,3,3,8,3,1,7094,3,2,12,3,1,0,10,0,3,7,7,1,7,710,74,83,23,33,7
4,3,3,17,2,1,4,2,3,1,1,2,1,2210,1,2,13,3,1,1,1,3,1,1,0,0,0,417,44,11,23,33,11
6,3,2,7,4,2,4,2,3,2,3,1,2,4779,7,2,14,3,2,2,8,3,3,3,2,0,2,607,64,32,23,33,23
5,3,3,8,1,4,3,2,1,2,8,1,1,9715,3,2,13,3,3,1,9,3,3,7,7,0,7,508,53,82,23,13,17
8,3,3,2,3,1,3,1,3,2,4,4,3,4661,1,2,13,3,3,0,9,4,3,9,8,8,8,802,83,42,23,33,9
7,2,3,8,1,1,3,2,3,1,1,3,1,3755,1,2,11,3,1,1,8,3,3,8,3,0,7,708,73,11,23,33,18
8,3,3,12,3,6,2,2,3,5,7,3,1,19545,1,2,12,3,4,0,23,0,3,22,15,15,8,812,82,75,23,33,22
7,3,2,6,4,5,3,1,3,2,3,4,1,6502,4,2,14,3,2,1,7,5,4,5,4,0,1,706,73,32,23,33,15
9,3,3,2,2,4,4,2,2,2,9,4,2,5770,1,2,19,3,1,2,10,3,3,10,7,3,9,902,94,92,23,23,30
7,3,2,9,4,1,3,1,2,1,2,1,3,3407,7,2,23,4,2,0,10,4,3,5,3,0,3,709,73,21,24,24,5
10,3,2,24,4,1,1,1,3,3,3,1,3,10448,6,1,13,3,2,0,15,2,2,2,2,2,2,1024,101,33,13,33,2
8,3,3,2,4,5,3,2,3,1,4,3,1,2001,2,2,14,3,2,3,20,2,3,5,3,0,2,802,83,41,23,33,35
6,3,2,10,5,2,4,1,4,3,3,3,2,8380,0,1,14,3,4,2,10,3,3,9,8,0,8,610,64,33,13,43,29
8,3,3,1,3,5,2,1,3,1,4,4,3,2436,6,1,12,3,3,0,6,2,3,4,3,1,2,801,82,41,13,33,4
10,3,3,28,1,5,4,1,4,1,1,3,1,3221,1,1,11,3,3,3,20,3,3,20,8,3,8,1028,104,11,13,43,50
5,3,1,17,3,4,2,1,2,3,5,1,3,7988,1,2,13,3,1,0,10,3,2,10,9,0,9,517,52,53,23,23,10
6,3,2,16,3,2,1,2,3,2,3,1,3,5324,5,2,15,3,3,0,6,3,3,3,2,0,2,616,61,32,23,33,3
9,3,2,10,3,1,3,2,3,3,3,2,1,7314,5,2,21,4,3,3,14,2,3,8,7,0,7,910,93,33,24,34,38
7,1,3,11,2,5,3,1,2,3,8,1,1,9884,2,1,13,3,3,1,10,3,3,4,0,2,3,711,73,83,13,23,14
9,3,2,14,3,5,3,2,3,2,3,3,1,4591,3,1,17,3,3,1,11,4,2,5,4,1,2,914,93,32,13,33,15
8,3,3,12,4,1,2,1,3,1,1,4,1,4766,3,1,11,3,1,1,6,4,3,1,0,0,0,812,82,11,13,33,11
6,3,3,1,3,1,2,1,3,2,4,2,1,6220,1,2,17,3,2,2,10,3,3,10,4,0,9,601,62,42,23,33,30
7,3,3,4,2,5,4,2,3,1,1,3,1,3306,7,2,19,3,4,1,7,5,2,0,0,0,0,704,74,11,23,33,10
7,3,2,3,1,1,3,1,2,3,3,4,1,10325,1,1,11,3,1,1,16,6,3,16,7,3,7,703,73,33,13,23,26
9,3,1,5,2,5,2,1,3,2,5,2,2,5021,8,1,22,4,4,1,16,2,3,4,2,0,2,905,92,52,14,34,14
4,3,3,1,3,1,4,2,2,1,4,2,3,2836,1,2,13,3,4,0,1,0,4,1,0,0,0,401,44,41,23,23,1
9,3,2,2,1,2,2,1,4,2,3,2,1,8120,3,2,12,3,4,0,12,3,3,2,2,2,2,902,92,32,23,43,2
8,3,2,25,3,5,3,1,2,3,3,4,2,10798,5,2,13,3,3,1,18,5,3,1,0,0,0,825,83,33,23,23,11
7,3,3,10,3,5,3,2,3,1,1,1,1,3452,6,2,20,4,2,1,17,3,3,5,4,0,3,710,73,11,24,34,15
9,3,3,22,4,4,1,2,3,4,7,2,1,16413,3,2,16,3,2,2,27,2,3,4,2,1,2,922,91,74,23,33,24
8,2,3,24,3,1,4,1,3,1,1,3,2,3161,3,1,22,4,4,1,19,0,1,1,0,0,0,824,84,11,14,34,11
9,3,3,1,4,1,4,2,2,4,6,1,1,15402,7,2,11,3,1,1,21,3,1,3,2,0,2,901,94,64,23,23,13
4,3,3,11,3,5,4,2,2,1,4,1,3,2600,1,1,15,3,1,0,1,2,3,1,0,0,0,411,44,41,13,23,1
5,1,1,1,2,1,3,1,3,1,5,4,2,2706,1,2,15,3,2,1,3,2,3,3,2,2,2,501,53,51,23,33,13
11,3,3,8,3,1,3,2,3,1,4,1,2,4257,4,1,18,3,3,1,19,3,3,2,2,2,2,1108,113,41,13,33,12
5,3,3,11,1,1,2,1,3,1,1,1,1,2099,0,2,14,3,2,0,6,3,4,5,0,1,4,511,52,11,23,33,5
6,3,3,3,4,5,3,2,3,2,9,1,1,6725,1,2,12,3,3,1,8,2,4,8,7,6,3,603,63,92,23,33,18
5,3,3,2,3,1,3,1,3,1,4,2,1,2703,0,2,23,4,4,1,6,3,3,5,4,0,4,502,53,41,24,34,15
11,3,1,26,4,3,3,1,4,5,6,2,1,19636,4,1,18,3,1,1,35,0,3,10,9,1,4,1126,113,65,13,43,20
8,3,3,15,3,1,1,2,2,3,9,3,1,10435,1,2,13,3,4,2,18,2,3,18,15,14,12,815,81,93,23,23,38
6,1,3,5,4,6,2,1,3,1,4,2,3,2718,2,2,14,3,2,0,12,3,3,7,7,0,7,605,62,41,23,33,7
6,3,2,15,2,5,3,2,3,2,3,1,3,6125,1,2,12,3,4,0,10,6,4,10,8,9,6,615,63,32,23,33,10
10,3,3,1,4,1,3,1,2,5,6,3,1,19999,0,2,14,3,1,1,34,5,3,33,18,11,9,1001,103,65,23,23,43
4,1,3,9,3,1,3,1,2,1,1,2,2,2694,1,2,11,3,3,3,1,4,3,1,0,0,0,409,43,11,23,23,31
7,3,2,11,4,2,2,2,2,2,3,4,1,6652,4,2,13,3,1,1,8,2,2,6,3,0,0,711,72,32,23,23,16
9,3,2,10,3,2,3,2,2,3,3,4,1,9071,2,1,19,3,3,1,15,3,3,3,2,1,2,910,93,33,13,23,13
11,3,3,24,2,1,3,1,4,3,8,4,2,9439,3,1,16,3,2,1,12,2,1,5,3,1,4,1124,113,83,13,43,15
9,1,3,29,4,1,1,1,3,3,6,2,1,11849,1,1,12,3,4,1,10,2,2,10,7,9,9,929,91,63,13,33,20
6,3,3,2,4,1,3,1,3,1,4,4,2,2695,0,1,18,3,2,1,3,2,1,2,2,2,2,602,63,41,13,33,12
8,3,2,2,5,1,2,2,3,4,6,1,1,16595,7,2,16,3,2,1,22,2,3,18,16,11,8,802,82,64,23,33,28
11,3,2,1,2,1,1,1,3,3,3,4,1,10239,3,2,14,3,4,1,24,4,3,1,0,1,0,1101,111,33,23,33,11
9,2,2,26,4,1,1,2,3,2,3,1,1,4286,2,2,14,3,4,2,5,4,3,1,1,0,0,926,91,32,23,33,21
4,3,2,2,1,6,3,1,3,1,2,1,2,2322,3,2,13,3,3,1,3,3,3,0,0,0,0,402,43,21,23,33,10
9,1,3,18,4,1,4,1,3,2,9,4,2,6804,1,1,15,3,1,2,7,0,3,7,7,1,7,918,94,92,13,33,27
8,3,3,8,3,1,4,1,3,1,1,3,3,3968,4,2,13,3,4,0,8,3,3,0,0,0,0,808,84,11,23,33,0
7,3,3,16,3,1,4,1,3,3,8,3,1,7632,4,1,12,3,3,0,10,2,3,8,7,0,0,716,74,83,13,33,8
7,2,3,11,3,4,2,1,3,3,7,4,2,12185,1,1,14,3,3,3,10,1,3,10,8,0,7,711,72,73,13,33,40
6,3,2,8,3,5,3,1,4,2,3,4,1,6209,1,2,15,3,3,2,10,4,4,10,7,0,8,608,63,32,23,43,30
6,2,3,9,4,1,4,1,3,2,1,1,1,5346,4,2,17,3,3,1,11,3,2,7,1,0,7,609,64,12,23,33,17
6,2,3,3,4,5,2,1,3,3,7,3,2,13675,9,2,12,3,1,1,9,3,3,2,2,2,2,603,62,73,23,33,12
4,3,3,15,2,1,3,1,3,1,4,4,3,1232,1,2,14,3,4,0,0,6,3,0,0,0,0,415,43,41,23,33,0
6,3,2,7,3,2,4,1,3,2,3,4,2,7547,4,2,12,3,4,3,13,3,3,7,7,1,7,607,64,32,23,33,37
6,2,3,15,3,5,2,1,3,4,7,1,2,17007,7,2,14,3,4,2,16,3,2,14,8,6,9,615,62,74,23,33,34
8,3,3,18,4,1,4,1,3,2,4,1,2,5410,6,1,17,3,3,1,9,3,2,4,3,1,2,818,84,42,13,33,14
7,3,2,9,3,2,2,1,2,1,2,2,1,2899,0,2,19,3,4,1,3,3,3,2,2,1,2,709,72,21,23,23,12
9,3,2,3,1,2,1,1,3,4,6,3,1,17465,3,2,12,3,4,1,23,3,3,12,9,4,9,903,91,64,23,33,22
6,3,3,2,3,5,3,2,3,1,1,2,1,2370,1,2,13,3,3,1,8,4,3,8,0,0,7,602,63,11,23,33,18
6,3,3,5,2,1,4,2,2,2,4,2,1,5878,3,2,12,3,1,1,12,2,3,7,1,2,5,605,64,42,23,23,17
10,3,2,26,4,2,1,2,3,4,6,3,1,16307,2,2,14,3,3,1,29,2,2,20,6,4,17,1026,101,64,23,33,30
11,3,3,1,2,1,1,2,3,1,4,1,1,2066,2,2,22,4,4,1,5,3,4,3,2,1,0,1101,111,41,24,34,13
10,3,1,19,4,5,3,1,3,3,5,2,1,10725,2,2,15,3,3,1,16,1,4,9,7,7,1,1019,103,53,23,33,19
10,2,3,8,4,1,1,1,1,3,9,4,3,10650,2,2,15,3,4,0,18,2,3,4,2,0,3,1008,101,93,23,13,4
7,3,3,10,3,1,4,1,3,3,8,1,1,8321,7,1,13,3,4,1,15,1,3,12,8,5,7,710,74,83,13,33,22
5,3,2,8,4,2,2,2,3,2,3,2,1,6214,1,2,18,3,1,1,8,3,3,8,7,0,7,508,52,32,23,33,18
8,3,3,2,2,5,4,1,3,4,6,1,1,17665,0,2,17,3,4,1,23,3,3,22,6,13,7,802,84,64,23,33,32
6,3,2,5,4,1,1,2,3,2,3,4,1,5476,1,2,11,3,1,2,10,2,3,10,0,0,2,605,61,32,23,33,30
8,1,3,5,3,1,3,1,2,1,1,3,3,3162,3,2,14,3,4,0,7,5,3,5,2,0,3,805,83,11,23,23,5
5,2,2,7,3,1,3,1,3,2,3,1,3,4898,0,2,14,3,4,0,5,5,3,4,2,1,3,507,53,32,23,33,4
6,2,2,6,2,2,4,2,1,1,2,3,2,2351,0,2,16,3,4,1,3,3,2,2,2,1,0,606,64,21,23,13,12
5,3,3,1,2,5,4,1,3,1,1,2,2,3816,1,2,11,3,2,1,5,2,3,5,2,0,4,501,54,11,23,33,15
7,3,2,3,3,5,1,2,2,3,3,4,1,7644,0,2,19,3,3,2,10,2,3,9,7,3,4,703,71,33,23,23,29
8,2,2,4,3,2,1,1,3,2,3,2,3,9355,1,2,18,3,3,0,8,5,3,8,7,7,7,804,81,32,23,33,8
5,3,3,16,4,6,3,2,3,1,1,2,1,2811,9,2,14,3,2,1,4,2,3,2,2,2,2,516,53,11,23,33,12
5,3,3,23,3,1,4,1,3,1,4,4,3,2201,9,2,16,3,4,0,6,4,3,3,2,1,2,523,54,41,23,33,3
7,3,3,6,1,1,3,1,3,1,4,3,1,3506,0,1,14,3,4,0,4,3,3,3,2,2,2,706,73,41,13,33,3
4,3,3,3,1,1,2,2,3,2,9,3,1,4171,0,1,19,3,1,1,4,3,4,3,2,0,2,403,42,92,13,33,13
11,3,3,5,3,6,3,2,2,3,8,2,2,10552,2,1,13,3,4,1,24,3,3,6,0,0,4,1105,113,83,13,23,16
6,3,3,8,5,1,4,1,3,2,8,3,3,6388,2,1,17,3,1,0,14,6,3,0,0,0,0,608,64,82,13,33,0
4,2,3,3,4,1,3,1,2,1,4,4,1,2853,0,1,11,3,2,1,1,5,3,0,0,0,0,403,43,41,13,23,10
5,3,3,9,3,5,4,2,3,1,4,2,3,2279,1,2,16,3,4,0,7,2,2,7,7,0,3,509,54,41,23,33,7
10,3,3,9,4,1,4,1,3,1,1,4,1,2075,3,2,23,4,2,2,10,4,3,4,2,0,3,1009,104,11,24,34,24
7,3,3,1,3,4,3,2,3,2,9,2,1,5228,0,2,15,3,1,1,10,2,3,9,7,0,5,701,73,92,23,33,19
6,3,3,10,1,5,1,1,1,1,1,4,2,3408,7,2,13,3,1,3,8,2,3,4,3,1,3,610,61,11,23,13,34
7,3,3,1,3,5,3,1,4,3,8,4,2,9613,0,2,17,3,1,3,19,5,2,18,10,3,7,701,73,83,23,43,48
8,3,3,8,2,1,2,2,3,2,9,1,1,6516,2,1,16,3,2,1,18,3,3,1,0,0,0,808,82,92,13,33,11
7,3,3,3,2,5,3,1,2,2,1,3,2,3069,0,2,15,3,4,1,11,3,3,10,8,0,7,703,73,12,23,23,20
5,3,3,2,4,1,1,1,3,1,1,3,3,3485,2,2,11,3,3,0,5,5,1,0,0,0,0,502,51,11,23,33,0
5,3,3,21,4,1,2,2,4,3,9,1,2,9980,1,2,11,3,3,1,10,1,3,10,9,8,8,521,52,93,23,43,20
6,3,3,11,4,1,4,1,3,1,4,4,1,2356,3,1,19,3,2,1,8,2,3,6,4,0,2,611,64,41,13,33,16
9,3,3,1,4,5,4,1,3,5,7,4,2,19627,9,2,17,3,4,2,23,0,3,2,2,2,2,901,94,75,23,33,22
4,2,1,10,3,5,1,1,3,1,5,4,1,2145,0,2,14,3,4,1,3,2,3,2,2,2,1,410,41,51,23,33,12
7,3,3,3,2,1,1,2,3,1,1,4,2,2835,5,2,22,4,1,1,7,2,3,1,0,0,0,703,71,11,24,34,11
6,2,3,2,1,1,4,1,2,2,9,3,1,9547,1,2,17,3,3,0,10,2,2,10,9,1,9,602,64,92,23,23,10
8,3,3,9,4,1,3,1,3,1,1,1,2,2289,1,2,20,4,2,2,5,2,3,5,3,0,4,809,83,11,24,34,25
8,3,3,2,3,5,2,2,2,2,1,3,1,3448,6,2,22,4,2,1,20,3,3,1,0,0,0,802,82,12,24,24,11
8,3,3,3,3,1,1,1,3,1,1,1,1,2362,4,2,12,3,3,0,10,4,4,3,2,1,2,803,81,11,23,33,3
6,3,3,26,1,1,1,1,3,1,4,3,2,2911,1,2,17,3,4,1,5,1,2,5,2,4,3,626,61,41,23,33,15
7,2,3,2,4,1,1,2,4,2,9,1,3,5980,6,1,12,3,4,0,17,2,3,15,7,4,12,702,71,92,13,43,15
5,3,3,10,3,4,3,2,3,2,4,3,3,3660,3,2,13,3,4,0,10,4,4,8,7,1,7,510,53,42,23,33,8
11,3,3,2,2,5,4,2,1,5,6,3,1,19187,4,2,14,3,4,1,23,5,3,19,9,9,11,1102,114,65,23,13,29
7,3,3,8,1,1,4,1,4,1,1,4,1,2269,1,2,19,3,4,0,1,2,3,1,0,0,1,708,74,11,23,43,1
10,3,3,5,2,5,1,1,3,5,7,1,1,19406,4,2,11,3,3,1,24,4,2,4,2,1,2,1005,101,75,23,33,14
5,3,3,1,2,1,1,2,1,1,4,2,3,2216,7,1,13,3,4,0,10,4,3,7,7,3,7,501,51,41,13,13,7
6,3,2,8,2,1,3,2,3,2,3,1,1,6500,5,2,17,3,2,1,6,1,3,3,2,1,2,608,63,32,23,33,13
7,3,2,1,3,1,1,1,2,1,2,1,3,2858,4,2,14,3,1,0,20,3,2,1,0,0,0,701,71,21,23,23,1
5,3,3,18,1,5,3,1,2,1,4,4,3,2389,1,1,13,3,3,0,4,3,2,4,3,0,1,518,53,41,13,23,4
7,3,3,1,4,1,4,2,4,1,4,3,3,2506,3,2,13,3,3,0,7,0,3,2,2,2,2,701,74,41,23,43,2
7,3,3,15,2,1,3,1,2,3,7,4,2,11510,0,1,14,3,2,1,12,3,3,11,10,2,9,715,73,73,13,23,21
6,3,2,2,2,1,1,1,3,1,2,3,1,3067,0,2,19,3,3,1,3,1,3,2,2,1,2,602,61,21,23,33,12
5,3,3,21,3,5,3,1,3,1,4,4,1,2713,1,2,11,3,3,1,5,2,1,5,2,0,2,521,53,41,23,33,15
7,2,3,2,4,5,1,1,2,1,4,4,3,4930,0,1,14,3,3,0,6,2,4,5,4,1,4,702,71,41,13,23,5
11,3,3,4,4,1,4,1,3,2,8,3,1,4035,0,1,16,3,2,0,4,2,3,3,2,1,2,1104,114,82,13,33,3
7,3,2,2,4,1,3,1,3,1,2,4,3,2644,3,1,21,4,4,0,7,3,2,3,2,1,2,702,73,21,14,34,3
9,1,2,2,4,2,3,1,3,2,3,2,1,4978,7,2,11,3,4,1,4,3,1,1,0,0,0,902,93,32,23,33,11
10,1,3,19,4,5,4,1,3,1,4,4,1,4258,0,2,18,3,1,1,5,3,3,4,3,1,2,1019,104,41,23,33,14
6,1,3,16,4,6,4,1,1,1,4,1,1,2307,1,1,23,4,2,1,5,2,3,5,2,3,0,616,64,41,14,14,15
7,3,2,16,4,2,3,2,2,2,3,1,1,5647,4,2,13,3,1,2,11,3,2,3,2,0,2,716,73,32,23,23,23
6,3,3,1,3,5,1,1,3,2,9,4,1,6162,1,1,22,4,2,1,9,3,3,9,8,7,8,601,61,92,14,34,19
7,1,3,5,2,6,3,1,4,1,1,3,3,3500,0,2,14,3,1,0,7,2,1,6,5,1,3,705,73,11,23,43,6
7,2,2,11,2,6,2,2,3,3,3,4,1,9738,0,2,14,3,3,1,10,6,3,9,7,2,8,711,72,33,23,33,19
7,3,3,6,4,1,3,1,1,1,1,3,2,2741,1,2,14,3,3,1,7,4,3,7,7,1,7,706,73,11,23,13,17
9,3,3,8,4,4,4,1,3,2,4,4,1,3697,9,2,14,3,1,2,12,3,3,10,9,9,8,908,94,42,23,33,30
4,3,2,1,1,6,1,2,3,1,2,2,3,3202,1,1,16,3,2,0,6,4,3,5,3,1,4,401,41,21,13,33,5
7,3,3,1,4,5,3,2,3,1,1,3,2,2232,7,2,14,3,3,3,7,1,3,3,2,1,2,701,73,11,23,33,33
8,1,3,21,2,5,3,2,3,2,9,3,2,5265,2,2,16,3,2,1,11,5,3,5,3,0,2,821,83,92,23,33,15
8,3,2,6,3,2,4,1,3,3,3,3,3,9241,1,2,12,3,2,0,10,3,3,10,8,8,7,806,84,33,23,33,10
10,3,3,2,3,5,4,1,4,4,7,2,3,16598,4,2,12,3,2,0,35,2,2,9,8,8,8,1002,104,74,23,43,9
7,1,3,8,3,1,1,2,4,3,7,1,1,11713,9,2,14,3,1,1,10,2,3,8,7,0,5,708,71,73,23,43,18
5,3,3,15,1,1,2,2,1,1,4,4,1,2168,0,1,18,3,1,1,6,2,2,5,4,1,3,515,52,41,13,13,15
5,3,3,6,3,1,4,1,2,1,4,3,1,2539,1,2,13,3,3,1,4,0,3,4,2,2,2,506,54,41,23,23,14
6,3,1,1,3,1,3,1,3,1,5,3,2,2064,0,2,21,4,1,1,6,3,4,5,3,1,3,601,63,51,24,34,15
10,3,2,1,1,5,4,2,3,2,3,1,3,8381,7,2,20,4,4,0,18,2,4,14,7,8,10,1001,104,32,24,34,14
8,3,3,29,3,5,2,1,1,2,1,4,3,4272,4,2,19,3,1,0,16,3,3,1,0,0,0,829,82,12,23,13,1
8,3,3,4,2,6,3,1,3,5,6,4,1,19232,1,2,11,3,4,0,22,3,3,22,17,11,15,804,83,65,23,33,22
6,3,3,2,4,1,4,1,2,2,9,1,1,5957,6,2,13,3,2,1,13,3,3,11,9,5,9,602,64,92,23,23,21
8,3,1,1,4,1,1,2,2,2,5,3,3,5985,4,2,11,3,2,0,10,1,4,2,2,0,2,801,81,52,23,23,2
5,3,3,10,3,1,4,2,2,1,4,1,3,2404,6,1,20,4,3,0,3,5,3,0,0,0,0,510,54,41,14,24,0
5,3,3,1,3,1,3,1,3,1,4,4,1,2044,1,2,11,3,3,1,5,6,4,5,3,0,3,501,53,41,23,33,15
7,3,3,14,1,1,3,1,3,2,8,4,1,6586,0,1,17,3,1,1,17,2,2,16,8,4,11,714,73,82,13,33,26
5,1,2,2,3,1,4,1,3,2,3,3,1,4649,1,2,14,3,1,1,4,3,2,4,3,0,2,502,54,32,23,33,14
9,3,3,4,2,5,1,1,2,5,6,3,1,18711,2,2,13,3,3,1,23,2,4,1,0,0,0,904,91,65,23,23,11
6,3,2,2,1,2,3,1,3,2,3,2,1,4078,0,1,13,3,1,3,4,3,2,3,2,1,2,602,63,32,13,33,33
7,3,3,6,3,5,4,1,3,1,1,1,1,2404,7,1,21,4,4,0,8,2,1,2,2,2,2,706,74,11,14,34,2
5,2,2,20,3,6,3,2,3,1,2,4,1,2157,1,2,15,3,2,1,3,5,3,3,1,0,2,520,53,21,23,33,13
6,2,3,2,2,1,4,1,3,1,1,4,3,3068,0,2,13,3,3,0,8,2,2,7,7,3,6,602,64,11,23,33,7
5,3,3,8,3,5,3,2,3,1,4,4,3,3445,1,2,11,3,3,0,6,5,2,6,2,1,4,508,53,41,23,33,6
5,3,3,7,3,4,3,1,4,1,1,1,3,3578,0,2,12,3,4,0,8,2,3,7,7,0,7,507,53,11,23,43,7
9,3,2,2,3,2,3,2,3,4,6,1,1,17048,8,2,23,4,1,0,28,2,3,26,15,15,9,902,93,64,24,34,26
5,3,2,28,2,2,1,1,3,2,3,2,1,6272,1,2,20,4,4,2,6,5,4,5,3,1,4,528,51,32,24,34,25
6,3,3,16,3,1,3,1,4,2,8,3,1,5294,3,2,16,3,3,1,10,3,3,7,0,1,7,616,63,82,23,43,17
8,3,2,6,3,1,4,2,3,3,6,4,3,13591,3,1,18,3,3,0,16,3,3,1,0,0,0,806,84,63,13,33,1
9,3,2,3,3,1,3,2,3,4,6,2,1,16606,8,2,12,3,4,1,23,2,4,13,12,5,1,903,93,64,23,33,23
7,3,2,7,1,1,4,1,3,1,2,3,1,2404,1,2,13,3,1,1,1,3,3,1,0,0,0,707,74,21,23,33,11
10,3,2,14,2,1,3,2,3,2,3,4,1,4936,4,2,11,3,3,1,18,2,2,7,7,0,7,1014,103,32,23,33,17
9,3,3,6,3,1,1,1,2,2,8,3,3,4240,2,2,13,3,4,0,19,0,3,2,2,2,2,906,91,82,23,23,2
9,3,3,2,2,6,4,1,4,1,1,2,3,2559,5,2,11,3,3,0,7,4,2,1,0,0,0,902,94,11,23,43,1
4,1,3,16,2,5,4,1,4,1,1,4,2,2935,1,1,13,3,2,2,1,2,2,1,0,0,0,416,44,11,13,43,21
5,3,3,17,3,6,3,1,3,1,4,2,1,3058,0,1,16,3,4,1,6,3,2,5,2,1,1,517,53,41,13,33,15
7,3,3,13,3,5,1,1,3,2,4,4,1,4285,1,2,17,3,1,0,10,2,3,10,8,3,7,713,71,42,23,33,10
9,3,3,20,4,5,4,1,3,1,4,3,1,2259,4,2,17,3,1,2,13,2,2,0,0,0,0,920,94,41,23,33,20
10,3,3,13,2,5,4,2,4,2,9,1,2,4450,1,2,11,3,3,2,5,3,3,4,2,1,3,1013,104,92,23,43,24
8,3,2,4,4,2,2,1,3,2,3,1,3,5155,7,2,13,3,4,0,9,3,4,6,4,1,5,804,82,32,23,33,6
6,2,3,16,1,1,2,2,1,1,4,1,3,3919,1,1,22,4,2,0,10,5,3,10,2,6,7,616,62,41,14,14,10
7,3,2,9,2,2,2,1,2,2,3,2,1,4189,1,2,14,3,1,2,5,2,3,5,2,0,3,709,72,32,23,23,25
5,3,2,4,4,2,4,1,2,2,3,4,3,5828,1,1,12,3,2,0,8,0,3,8,7,7,4,504,54,32,13,23,8
10,3,3,8,4,4,3,2,3,1,1,1,1,2950,9,2,13,3,3,0,12,2,1,5,4,0,4,1008,103,11,23,33,5
7,3,3,3,5,6,4,2,3,2,4,3,3,4317,3,1,20,4,2,0,19,2,3,3,2,2,2,703,74,42,14,34,3
10,3,3,10,3,6,4,1,2,3,8,4,3,10496,6,2,15,3,4,0,20,2,3,4,3,1,3,1010,104,83,23,23,4
5,3,1,13,3,3,1,1,2,1,5,1,2,2335,4,1,15,3,4,3,4,3,3,2,2,2,0,513,51,51,13,23,32
5,3,3,7,3,1,3,1,3,2,8,4,2,6623,1,1,11,3,2,2,6,2,3,6,0,1,0,507,53,82,13,33,26
6,3,2,7,3,1,3,1,2,3,6,4,2,11557,9,2,21,4,3,1,10,3,2,5,4,0,1,607,63,63,24,24,15
7,3,3,14,3,1,4,2,3,1,1,1,2,3034,1,2,12,3,3,1,18,2,2,18,7,12,17,714,74,11,23,33,28
6,3,3,28,4,1,2,1,3,2,1,3,1,5207,1,1,12,3,2,1,15,3,3,15,14,5,7,628,62,12,13,33,25
8,2,3,21,3,5,4,1,3,1,1,4,1,2258,7,2,20,4,1,1,8,1,3,3,2,1,2,821,84,11,24,34,13
7,3,2,4,3,6,4,1,3,3,3,1,3,9582,0,1,22,4,1,0,9,2,3,8,7,4,7,704,74,33,14,34,8
7,1,3,8,4,1,3,2,3,2,8,3,1,4148,1,2,12,3,4,1,15,5,3,14,11,2,9,708,73,82,23,33,24
9,3,2,2,2,6,2,1,1,2,2,3,3,6632,0,2,13,3,1,0,9,3,3,8,7,3,1,902,92,22,23,13,8
7,2,2,1,4,5,3,1,1,2,3,4,2,9525,1,2,14,3,3,2,6,2,2,6,3,1,3,701,73,32,23,13,26
8,3,3,8,3,1,1,2,3,2,9,2,2,4765,4,2,21,4,3,1,4,2,4,1,0,0,0,808,81,92,24,34,11
9,3,3,5,4,6,1,1,3,2,8,3,1,6651,2,2,14,3,2,1,20,0,2,3,2,1,2,905,91,82,23,33,13
7,1,2,10,3,6,3,2,3,2,3,4,3,5666,1,1,13,3,2,0,6,1,3,5,3,1,3,710,73,32,13,33,5
8,3,3,9,2,1,2,1,3,1,4,1,1,2559,1,1,13,3,4,0,8,0,3,8,7,7,1,809,82,41,13,33,8
5,3,3,6,1,5,2,2,3,1,1,4,1,3131,1,2,13,3,1,1,10,5,3,10,8,0,8,506,52,11,23,33,20
9,3,2,11,4,2,4,2,3,2,3,4,3,4507,3,2,12,3,3,0,8,1,4,5,1,0,4,911,94,32,23,33,5
6,2,3,2,3,1,2,1,3,1,1,4,1,3722,6,1,13,3,3,1,7,2,1,2,2,2,2,602,62,11,13,33,12
4,3,2,12,3,1,3,2,4,1,2,2,3,2716,1,2,15,3,4,0,1,0,3,1,0,0,0,412,43,21,23,43,1
5,2,3,11,2,5,1,1,3,2,8,1,1,4741,1,1,13,3,3,1,5,3,3,5,3,3,3,511,51,82,13,33,15
6,3,3,14,3,5,3,1,3,1,1,4,1,2436,5,1,13,3,3,1,8,2,1,5,4,0,4,614,63,11,13,33,15
5,3,2,9,3,2,4,1,3,2,3,4,3,4105,1,2,14,3,1,0,7,5,3,7,7,0,7,509,54,32,23,33,7
3,3,3,25,3,1,2,2,4,1,4,4,3,2994,1,1,12,3,4,0,1,2,3,1,0,0,1,325,32,41,13,43,1
7,1,2,19,2,5,1,1,3,3,3,2,3,7642,1,1,13,3,4,0,10,2,3,10,0,0,9,719,71,33,13,33,10
8,1,3,8,1,5,4,1,2,3,7,2,2,13757,2,2,11,3,3,1,16,5,3,9,8,4,8,808,84,73,23,23,19
4,3,3,8,1,5,3,2,3,1,1,1,1,2398,1,1,17,3,3,0,1,6,3,1,0,0,0,408,43,11,13,33,1
9,3,3,15,2,1,4,1,3,5,7,2,1,19081,5,2,11,3,1,1,25,2,3,4,2,0,3,915,94,75,23,33,14
10,3,2,21,4,2,3,1,3,2,3,4,3,5441,0,1,22,4,4,0,11,2,1,10,7,1,0,1021,103,32,14,34,10
7,2,3,22,3,5,4,2,3,3,9,1,3,10880,1,1,13,3,3,0,21,2,3,21,6,2,8,722,74,93,13,33,21
7,3,3,19,2,1,2,1,3,1,4,2,1,3022,4,2,21,4,1,0,8,1,3,1,0,0,0,719,72,41,24,34,1
8,3,3,2,4,1,3,1,2,1,4,3,3,2809,2,2,14,3,4,0,8,2,3,2,2,2,2,802,83,41,23,23,2
5,3,3,14,3,1,1,1,3,1,4,1,1,2235,1,1,14,3,4,2,9,3,2,9,7,6,8,514,51,41,13,33,29
6,3,3,2,2,1,1,2,3,1,1,1,1,2707,7,2,20,4,1,0,13,3,4,9,7,1,7,602,61,11,24,34,9
6,1,2,26,4,2,3,1,3,2,3,4,1,4465,0,2,18,3,1,0,4,2,3,3,2,2,2,626,63,32,23,33,3
7,1,2,9,4,5,1,1,3,3,3,2,2,8834,1,2,13,3,4,1,9,6,3,9,5,7,7,709,71,33,23,33,19
9,2,3,2,1,1,2,1,3,5,7,4,1,19161,3,2,15,3,4,0,28,3,3,5,4,4,3,902,92,75,23,33,5
7,2,3,3,4,4,3,1,3,1,4,3,1,2821,3,2,16,3,1,1,8,2,3,2,2,2,2,703,73,41,23,33,12
3,3,2,22,1,2,4,1,3,1,2,3,3,1675,1,1,19,3,4,0,0,2,2,0,0,0,0,322,34,21,13,33,0
7,3,3,3,3,4,4,2,3,2,8,2,3,4107,3,2,15,3,1,0,8,3,2,4,3,0,1,703,74,82,23,33,4
5,3,3,4,2,1,3,1,3,1,4,4,3,2875,1,1,20,4,2,0,8,2,2,8,5,2,2,504,53,41,14,34,8
6,1,3,1,4,5,3,1,1,2,9,3,1,4345,0,2,12,3,4,1,6,2,3,5,4,1,4,601,63,92,23,13,15
6,1,2,19,3,2,1,1,4,2,3,4,3,5304,8,1,13,3,2,0,9,3,2,5,2,0,4,619,61,32,13,43,5
5,2,3,24,2,1,4,1,2,1,4,4,3,2439,1,1,24,4,2,0,1,3,2,1,0,1,0,524,54,41,14,24,1
8,3,3,14,2,1,2,1,3,4,7,1,1,17159,6,2,24,4,3,1,22,3,3,4,1,1,0,814,82,74,24,34,14
6,3,3,7,2,1,4,1,3,2,1,3,1,4883,1,2,18,3,1,1,10,3,3,10,4,1,1,607,64,12,23,33,20
8,3,3,2,3,5,3,1,2,1,1,2,1,4841,4,2,14,3,2,1,4,3,3,1,0,0,0,802,83,11,23,23,11
6,2,3,7,3,1,2,1,4,1,1,2,1,2794,1,2,20,4,3,0,5,3,1,5,1,0,3,607,62,11,24,44,5
5,3,3,1,3,1,4,2,2,4,7,4,2,16124,3,2,14,3,2,2,9,2,2,7,7,1,7,501,54,74,23,23,27
5,3,3,4,2,1,1,1,3,1,4,3,2,2517,1,2,11,3,2,3,5,2,3,5,3,0,3,504,51,41,23,33,35
4,3,3,10,1,5,4,1,3,1,4,3,3,1009,1,1,11,3,4,0,1,5,3,1,0,1,1,410,44,41,13,33,1
5,2,1,17,4,1,2,2,3,1,5,3,2,2741,0,1,11,3,2,1,8,2,2,7,7,1,0,517,52,51,13,33,17
6,3,3,2,4,5,4,1,4,1,4,4,1,2932,0,1,14,3,1,3,6,3,3,5,0,1,2,602,64,41,13,43,35
5,3,3,6,4,5,1,2,2,1,4,3,2,2187,0,2,12,3,3,2,6,5,2,5,3,0,3,506,51,41,23,23,25
10,3,3,7,4,1,2,1,3,3,8,2,3,10445,7,2,19,3,4,0,18,4,3,8,6,4,0,1007,102,83,23,33,8
6,3,2,1,3,5,1,1,4,2,3,1,2,4037,1,2,22,4,1,1,9,5,3,9,8,0,8,601,61,32,24,44,19
4,3,3,17,1,5,4,2,2,2,9,3,2,4377,1,2,15,3,2,2,5,6,3,4,2,3,2,417,44,92,23,23,24
10,2,3,2,3,5,4,2,3,4,6,1,1,17856,2,2,22,4,3,1,32,3,3,2,2,2,2,1002,104,64,24,34,12
7,3,2,10,4,2,3,1,2,3,3,3,2,8740,0,1,14,3,2,2,9,2,3,8,7,2,7,710,73,33,13,23,28
7,3,3,1,2,5,3,2,2,1,4,1,1,3920,2,2,14,3,1,1,17,2,2,3,1,0,2,701,73,41,23,23,13
5,3,2,10,3,5,3,1,3,2,3,4,3,4684,1,2,13,3,1,0,5,4,3,5,3,1,2,510,53,32,23,33,5
7,3,3,6,3,1,2,2,4,1,1,4,1,3038,3,2,12,3,2,0,5,3,3,1,0,0,0,706,72,11,23,43,1
4,3,3,1,2,1,2,1,2,2,8,3,3,4617,1,2,12,3,2,0,4,2,2,4,3,1,2,401,42,82,23,23,4
6,3,2,20,3,1,2,2,1,2,3,3,1,4559,3,1,11,3,3,1,4,2,3,2,2,2,2,620,62,32,13,13,12
8,3,2,9,1,1,3,1,3,3,3,3,2,8189,3,1,13,3,3,1,12,2,3,9,7,0,7,809,83,33,13,33,19
3,1,3,1,3,1,4,2,3,1,1,4,3,1611,1,2,15,3,3,0,0,5,4,0,0,0,0,301,34,11,23,33,0
5,3,2,4,1,2,3,1,2,2,3,1,1,4256,1,2,12,3,1,0,5,1,4,5,2,0,3,504,53,32,23,23,5
6,3,3,8,3,1,1,2,2,1,4,2,3,1261,1,2,12,3,3,0,1,3,4,1,0,0,0,608,61,41,23,23,1
7,1,2,2,2,1,4,1,2,2,3,4,1,5249,3,2,18,3,4,1,13,0,3,8,7,7,5,702,74,32,23,23,18
5,3,3,3,3,5,4,2,3,3,9,2,2,7655,0,2,17,3,2,3,10,3,2,9,7,1,7,503,54,93,23,33,39
4,3,3,3,3,1,1,1,2,1,1,3,3,3033,1,2,12,3,1,0,2,2,2,2,2,1,2,403,41,11,23,23,2
9,2,3,7,4,1,1,1,4,2,9,3,1,6434,4,2,17,3,4,1,9,1,3,3,2,0,2,907,91,92,23,43,13
8,3,3,5,3,1,2,1,4,2,8,2,3,6870,3,2,12,3,1,0,11,3,1,3,2,1,2,805,82,82,23,43,3
5,3,3,2,4,1,4,2,3,1,1,1,2,2341,1,2,13,3,4,1,1,6,3,1,0,0,0,502,54,11,23,33,11
6,3,3,2,3,5,3,1,3,1,1,4,3,2496,4,2,11,3,4,0,7,3,3,1,1,0,0,602,63,11,23,33,1
4,3,3,5,1,5,3,1,3,1,4,4,3,3117,1,2,18,3,3,0,3,2,3,2,2,2,2,405,43,41,23,33,2
11,3,3,23,3,1,4,1,3,4,9,2,1,13402,4,1,12,3,1,1,33,0,3,19,16,15,9,1123,114,94,13,33,29
8,3,3,2,1,5,4,2,2,1,4,4,3,2342,0,1,20,4,4,0,5,2,2,4,2,2,3,802,84,41,14,24,4
6,3,3,9,4,1,3,1,2,1,4,2,3,2657,0,1,16,3,4,0,3,5,3,2,2,2,2,609,63,41,13,23,2
6,3,2,27,5,2,3,1,3,2,3,4,2,5304,7,2,23,4,4,1,10,2,2,8,7,7,7,627,63,32,24,34,18
6,3,3,25,3,1,4,1,2,2,9,2,3,4320,1,2,13,3,4,0,5,2,3,5,3,0,2,625,64,92,23,23,5
5,3,2,23,1,5,2,2,2,2,2,3,1,3540,1,2,21,4,4,1,9,5,3,9,8,5,8,523,52,22,24,24,19
8,3,1,6,2,5,3,1,3,4,6,4,3,16437,1,1,21,4,4,0,21,2,3,21,7,7,7,806,83,64,14,34,21
8,3,1,10,4,3,2,1,2,5,6,4,2,19141,3,2,15,3,2,3,23,2,2,21,6,12,6,810,82,65,23,23,51
11,1,2,2,3,5,2,1,3,4,6,2,2,16291,4,2,22,4,4,1,37,0,2,16,9,14,14,1102,112,64,24,34,26
7,3,3,25,2,5,3,2,2,2,8,4,2,5731,7,2,13,3,3,2,9,2,3,6,2,1,3,725,73,82,23,23,26
8,3,2,4,4,2,3,1,2,3,3,4,1,10855,7,2,11,3,1,1,15,2,2,12,11,2,11,804,83,33,23,23,22
6,3,3,1,2,5,4,1,3,1,1,2,1,3748,1,2,13,3,3,0,12,6,2,12,8,1,7,601,64,11,23,33,12
9,2,2,5,4,2,1,1,3,2,3,4,3,5772,4,1,21,4,3,0,14,4,3,9,6,0,8,905,91,32,14,34,9
8,3,2,2,2,2,2,2,3,2,3,2,1,5677,3,2,14,3,3,1,15,4,3,11,8,5,10,802,82,32,23,33,21
5,2,3,20,1,5,4,1,3,1,1,4,1,3812,1,2,13,3,2,0,11,3,4,11,8,3,10,520,54,11,23,33,11
7,2,3,7,2,5,3,1,2,5,6,4,1,19272,1,2,15,3,1,1,21,2,3,21,9,13,3,707,73,65,23,23,31
8,2,3,27,3,1,3,2,3,3,9,1,1,10820,8,2,11,3,3,1,18,1,3,8,7,0,1,827,83,93,23,33,18
4,3,3,15,3,5,2,2,3,1,1,4,3,2871,1,2,15,3,3,0,1,5,3,0,0,0,0,415,42,11,23,33,0
9,3,2,9,2,5,3,1,2,3,3,4,3,9619,1,2,16,3,4,0,9,3,3,9,8,4,7,909,93,33,23,23,9
8,3,2,28,3,5,4,2,4,4,3,4,1,13320,3,1,18,3,3,1,23,2,3,12,11,11,11,828,84,34,13,43,22
9,3,1,24,4,5,2,1,3,1,5,2,3,2177,1,2,16,3,1,0,6,3,3,6,3,0,4,924,92,51,23,33,6
5,3,3,2,4,5,1,1,1,1,4,4,1,3464,5,1,13,3,4,0,5,4,2,3,2,2,2,502,51,41,13,13,3
6,2,3,3,3,5,3,2,3,1,4,3,2,2083,1,2,20,4,3,1,1,2,3,1,0,0,0,603,63,41,24,34,11
11,3,3,14,4,5,3,1,4,5,7,2,3,18722,8,2,11,3,4,0,36,3,3,24,15,2,15,1114,113,75,23,43,24
6,3,2,1,3,2,1,1,3,3,3,4,3,9888,1,2,21,4,1,0,14,3,2,14,8,2,1,601,61,33,24,34,14
6,3,3,2,4,5,3,2,2,1,4,1,3,4381,1,2,11,3,3,0,6,3,3,6,5,1,3,602,63,41,23,23,6
10,3,2,9,3,2,3,1,3,5,6,3,1,19331,4,1,16,3,3,1,27,2,3,1,0,0,0,1009,103,65,13,33,11
10,3,3,24,3,1,4,1,3,4,9,3,1,13973,3,1,18,3,4,1,22,2,3,12,11,1,5,1024,104,94,13,33,22
7,3,1,8,4,6,3,1,3,1,5,3,3,4323,1,2,17,3,2,0,6,2,1,5,4,1,4,708,73,51,23,33,5
9,3,2,2,5,2,2,2,3,2,3,4,1,4051,2,2,14,3,1,1,14,2,3,9,7,6,7,902,92,32,23,33,19
8,3,3,12,3,1,2,2,3,2,8,1,2,4448,2,2,12,3,2,1,15,3,3,7,4,7,7,812,82,82,23,33,17
5,3,3,1,2,5,1,1,2,1,1,1,1,3955,1,2,16,3,1,2,6,2,3,5,3,1,3,501,51,11,23,23,25
4,2,3,4,1,6,3,1,2,1,1,3,3,3894,5,2,16,3,3,0,4,3,3,2,2,1,2,404,43,11,23,23,2
7,3,3,5,4,1,2,2,2,1,4,1,1,3419,9,1,14,3,4,1,6,3,4,1,1,0,0,705,72,41,13,23,11
6,3,3,9,4,1,1,2,3,2,4,4,1,6322,1,1,12,3,4,1,6,2,2,6,4,0,5,609,61,42,13,33,16
8,3,3,1,3,1,3,2,3,2,8,4,2,6513,4,2,17,3,4,1,12,3,3,5,3,0,3,801,83,82,23,33,15
5,3,3,29,1,1,4,1,1,2,8,3,2,6384,8,2,17,3,4,2,11,3,3,7,0,1,6,529,54,82,23,13,27
10,3,3,1,3,5,4,2,3,4,7,4,3,17328,6,2,19,3,4,0,29,3,2,20,7,12,7,1001,104,74,23,33,20
5,3,3,2,1,5,1,1,4,1,4,1,3,3424,7,2,13,3,3,0,6,3,2,4,3,0,1,502,51,41,23,43,4
7,3,3,10,4,1,3,1,3,2,9,2,3,4197,2,1,12,3,4,0,18,2,2,1,0,0,1,710,73,92,13,33,1
6,3,3,2,3,1,3,2,1,2,9,4,3,6091,2,2,20,4,3,0,11,2,3,5,4,0,2,602,63,92,24,14,5
7,3,2,3,4,1,4,1,3,3,3,4,2,7823,6,2,13,3,2,1,12,2,3,10,9,0,8,703,74,33,23,33,20
4,3,2,7,3,1,3,1,3,1,2,4,2,2275,1,1,21,4,2,1,3,2,3,3,2,0,2,407,43,21,14,34,13
11,3,2,1,2,6,2,1,3,3,6,4,1,11904,3,1,14,3,3,1,14,1,1,6,4,0,4,1101,112,63,13,33,16
5,3,3,7,3,5,4,2,2,2,8,1,3,6811,8,2,19,3,1,0,9,2,1,7,6,0,7,507,54,82,23,23,7
7,3,2,10,4,1,4,2,2,2,3,4,2,6694,2,1,14,3,3,3,8,5,3,1,0,0,0,710,74,32,13,23,31
5,3,2,23,1,1,4,2,2,3,3,1,1,7336,1,2,13,3,1,1,11,3,1,11,8,3,10,523,54,33,23,23,21
5,2,2,2,2,1,2,1,3,2,3,4,3,4554,1,2,18,3,1,0,10,3,2,10,7,0,9,502,52,32,23,33,10
8,3,3,17,2,1,4,2,4,2,4,1,3,6545,3,1,13,3,3,0,10,1,3,3,2,0,2,817,84,42,13,43,3
4,3,2,3,2,1,1,2,3,2,3,3,3,4577,9,2,14,3,1,0,4,3,3,2,2,2,0,403,41,32,23,33,2
8,3,3,6,3,5,4,1,3,1,1,1,3,4721,2,1,13,3,3,0,20,3,3,18,13,2,17,806,84,11,13,33,18
10,3,3,1,2,5,4,1,3,4,7,4,2,17399,9,2,22,4,3,1,32,1,2,5,4,1,3,1001,104,74,24,34,15
8,3,2,8,3,2,3,2,3,2,3,2,1,4393,5,2,21,4,3,1,14,3,3,5,4,1,4,808,83,32,24,34,15
8,2,3,19,3,5,3,1,4,1,4,3,2,2759,6,1,12,3,4,0,7,2,3,2,2,2,2,819,83,41,13,43,2
4,2,2,9,3,2,4,1,3,1,2,1,1,1790,1,2,19,3,1,1,1,3,2,1,0,1,0,409,44,21,23,33,11
10,3,2,8,4,2,4,1,3,1,2,2,1,3875,7,2,15,3,4,1,4,2,3,2,2,2,2,1008,104,21,23,33,12
5,3,3,19,4,5,4,1,2,1,1,1,1,3196,1,2,12,3,3,3,6,2,3,6,5,3,3,519,54,11,23,23,36
4,3,3,6,1,5,1,1,3,1,4,3,1,2773,0,2,20,4,4,0,3,3,3,2,2,2,2,406,41,41,24,34,2
8,3,3,6,3,5,4,1,2,2,9,2,3,6032,6,1,15,3,4,0,8,3,3,5,4,1,2,806,84,92,13,23,5
6,2,3,3,1,1,1,1,3,2,8,4,3,7756,0,2,17,3,3,0,7,1,2,6,2,0,4,603,61,82,23,33,6
7,3,2,1,4,1,2,2,3,2,3,3,3,6815,6,2,13,3,1,0,15,5,3,1,0,0,0,701,72,32,23,33,1
11,3,3,7,4,5,3,2,2,3,9,1,1,10008,7,1,14,3,4,0,31,0,2,10,9,5,9,1107,113,93,13,23,10
6,3,3,10,3,5,3,1,3,3,6,4,3,11244,2,2,25,4,2,0,10,5,4,5,2,0,0,610,63,63,24,34,5
8,3,3,2,1,5,2,2,4,2,8,3,2,6377,5,2,20,4,2,3,15,0,3,12,11,11,8,802,82,82,24,44,42
9,3,3,5,5,5,3,2,1,2,1,1,3,5769,1,1,14,3,1,0,10,3,3,10,7,1,4,905,93,12,13,13,10
5,3,3,2,4,5,3,1,3,1,4,3,3,4382,6,2,17,3,4,0,5,3,2,2,2,2,1,502,53,41,23,33,2
5,3,2,5,3,5,1,1,2,2,3,2,2,4187,1,1,13,3,2,1,10,3,2,10,0,0,9,505,51,32,13,23,20
6,2,3,29,2,5,3,1,2,1,1,2,3,3479,0,2,11,3,2,0,6,2,4,5,4,1,4,629,63,11,23,23,5
3,3,1,2,2,6,1,1,2,1,5,4,3,2564,1,2,12,3,3,0,1,3,4,1,0,0,0,302,31,51,23,23,1
9,3,3,7,3,1,2,1,3,3,4,1,2,9724,2,2,17,3,3,1,25,2,3,1,0,0,0,907,92,43,23,33,11
7,3,3,12,4,1,3,2,3,2,9,3,1,4663,9,1,12,3,2,2,7,2,3,3,2,1,1,712,73,92,13,33,23
7,3,3,6,3,1,4,1,3,1,1,4,1,3210,0,2,11,3,3,1,16,4,3,15,13,10,11,706,74,11,23,33,25
7,2,3,18,1,5,2,2,3,1,1,4,3,2153,1,2,13,3,1,0,8,2,3,8,1,1,7,718,72,11,23,33,8
8,2,3,26,3,5,2,2,3,2,4,2,2,5605,1,2,11,3,1,1,20,2,3,20,7,2,13,826,82,42,23,33,30
10,3,3,3,3,5,4,2,3,4,8,2,3,13734,3,2,18,3,3,0,21,6,3,7,7,1,0,1003,104,84,23,33,7
6,2,3,1,2,1,1,2,3,3,7,4,3,13458,1,1,12,3,3,0,15,1,3,15,14,8,12,601,61,73,13,33,15
6,3,2,9,4,2,1,2,3,2,3,1,3,8224,0,1,17,3,1,0,6,3,3,5,2,0,3,609,61,32,13,33,5
7,3,3,2,3,1,1,2,3,1,1,1,2,2074,1,1,12,3,4,1,1,2,3,1,0,0,0,702,71,11,13,33,11
6,2,3,23,3,1,1,1,1,1,4,3,2,2613,1,2,25,4,3,3,10,2,2,10,7,0,9,623,61,41,24,14,40
10,3,3,22,5,5,2,2,3,4,6,3,1,17426,3,2,25,4,3,1,36,6,3,10,8,4,7,1022,102,64,24,34,20
7,2,3,23,2,5,3,1,4,2,1,4,1,2571,4,2,17,3,3,1,17,3,3,5,2,0,3,723,73,12,23,43,15
4,3,3,23,3,5,2,1,4,1,4,4,1,2725,1,1,11,3,2,2,6,3,3,6,5,1,4,423,42,41,13,43,26
7,1,3,2,2,1,3,1,2,2,8,4,2,5163,5,2,14,3,4,1,17,2,4,1,0,0,0,702,73,82,23,23,11
8,2,3,16,4,5,1,1,2,2,1,3,3,5094,6,2,14,3,4,0,10,6,3,1,0,0,0,816,81,12,23,23,1
8,1,3,23,2,1,4,1,2,2,4,3,3,4332,1,2,12,3,4,0,20,2,3,20,9,3,7,823,84,42,23,23,20
6,3,3,24,1,1,4,1,3,1,1,3,2,2693,1,2,22,4,2,1,1,2,3,1,0,0,0,624,64,11,24,34,11
6,2,3,2,4,6,4,2,2,1,4,1,3,4968,0,2,16,3,4,0,10,2,3,9,7,0,7,602,64,41,23,23,9
11,3,3,20,2,6,2,1,3,2,1,4,1,5415,3,1,19,3,4,1,12,4,3,10,7,0,8,1120,112,12,13,33,20
11,3,1,6,2,5,2,1,3,1,5,3,1,2267,8,2,17,3,4,0,7,2,2,2,2,2,2,1106,112,51,23,33,2
8,2,3,28,4,6,4,2,2,2,8,4,1,4523,0,2,11,3,4,3,7,4,4,6,5,0,4,828,84,82,23,23,36
6,3,2,10,3,2,4,1,3,2,3,4,3,5396,1,2,12,3,4,0,10,2,2,10,7,0,8,610,64,32,23,33,10
7,2,3,4,3,5,1,2,3,2,9,3,3,5042,0,2,13,3,4,0,10,2,1,9,2,3,8,704,71,92,23,33,9
8,3,3,2,2,5,1,1,3,5,7,3,2,19436,0,2,19,3,4,1,22,5,3,21,7,3,9,802,81,75,23,33,31
8,2,3,1,4,1,3,1,2,4,8,2,1,13503,1,2,22,4,4,1,22,3,2,22,3,11,11,801,83,84,24,24,32
6,1,3,1,3,1,4,1,3,1,1,4,2,2314,0,2,12,3,2,1,4,2,3,3,0,0,2,601,64,11,23,33,13
9,3,3,13,4,1,3,1,3,2,8,2,3,5562,6,2,14,3,4,0,19,3,3,10,7,0,9,913,93,82,23,33,10
7,2,3,2,3,5,2,2,3,2,1,2,3,4425,5,2,11,3,4,0,10,5,3,6,2,1,2,702,72,12,23,33,6
7,2,2,12,4,4,4,1,3,2,3,4,3,4581,3,1,24,4,1,0,13,2,4,11,9,6,7,712,74,32,14,34,11
6,3,3,1,4,4,3,1,2,1,4,1,3,2799,3,1,11,3,2,0,6,1,3,3,2,0,2,601,63,41,13,23,3
10,3,3,3,3,1,4,1,3,4,7,4,1,17779,3,2,14,3,1,0,36,2,3,10,9,0,9,1003,104,74,23,33,10
5,2,3,1,4,1,2,1,1,1,4,4,2,2720,1,2,18,3,4,1,10,5,3,10,7,2,8,501,52,41,23,13,20
8,3,3,19,2,5,3,1,3,2,1,4,1,2741,8,1,15,3,3,1,15,2,4,7,2,3,7,819,83,12,13,33,17
6,2,3,5,4,1,4,2,3,3,6,2,1,11878,6,2,11,3,2,2,12,2,3,10,6,8,8,605,64,63,23,33,30
8,2,3,10,3,1,4,1,2,4,6,1,2,17181,4,2,13,3,2,1,21,2,2,7,6,7,7,810,84,64,23,23,17
8,2,1,1,5,3,1,1,3,2,5,4,1,5743,4,1,11,3,3,0,14,3,3,10,7,0,2,801,81,52,13,33,10
12,3,3,7,3,1,1,2,3,5,6,1,1,19566,5,2,11,3,4,0,33,5,1,29,8,11,10,1207,121,65,23,33,29
8,2,3,10,4,1,3,2,3,1,1,4,3,2455,0,2,19,3,1,0,9,5,3,8,7,1,7,810,83,11,23,33,8
6,2,3,2,2,1,4,2,3,2,4,3,3,4998,4,1,14,3,4,0,10,2,3,8,7,0,7,602,64,42,13,33,8
8,3,3,27,3,6,4,1,4,1,1,2,2,4876,5,2,12,3,3,1,8,0,3,6,4,0,2,827,84,11,23,43,16
5,3,2,13,2,2,4,2,3,2,3,3,3,9854,3,1,11,3,4,0,6,0,3,2,0,2,2,513,54,32,13,33,2
5,3,3,2,4,1,1,2,3,2,9,4,1,4227,0,2,18,3,2,1,4,2,3,3,2,2,2,502,51,92,23,33,13
6,3,2,2,3,4,4,1,3,2,3,4,3,6274,1,2,22,4,3,0,6,5,3,6,5,1,4,602,64,32,24,34,6
9,3,2,11,3,2,3,2,3,3,3,4,1,7654,1,2,18,3,1,2,9,3,4,9,8,7,7,911,93,33,23,33,29
10,3,3,7,2,5,2,2,2,5,7,3,2,18740,5,1,12,3,4,1,29,2,2,27,3,13,8,1007,102,75,13,23,37
7,3,3,23,4,5,2,1,1,1,1,3,1,2705,0,2,16,3,2,1,6,2,4,5,4,0,3,723,72,11,23,13,15
9,3,3,18,4,1,4,1,2,5,7,3,2,19502,1,1,17,3,3,1,31,5,3,31,9,0,9,918,94,75,13,23,41
6,3,2,6,4,5,1,1,4,2,3,4,2,5460,4,2,22,4,4,2,13,4,4,7,7,5,7,606,61,32,24,44,27
8,3,3,2,2,1,3,2,3,1,1,1,1,3377,4,2,17,3,4,1,7,5,2,4,3,0,2,802,83,11,23,33,14
4,3,3,18,1,1,2,1,3,1,1,3,1,2774,0,2,12,3,3,1,6,2,3,5,3,1,2,418,42,11,23,33,15
6,3,3,2,3,6,4,1,3,1,4,1,3,2439,1,2,14,3,4,0,4,4,3,4,2,1,2,602,64,41,23,33,4
6,3,2,8,4,1,1,1,3,2,3,1,1,6392,2,2,13,3,4,1,8,6,1,2,2,2,2,608,61,32,23,33,12
12,3,2,7,4,2,2,1,4,2,3,4,2,5220,0,1,18,3,2,1,12,3,3,11,7,1,9,1207,122,32,13,43,21
7,1,3,25,5,5,2,2,3,2,4,3,1,4449,3,1,15,3,1,2,15,2,3,13,11,10,7,725,72,42,13,33,33
8,3,3,2,4,1,3,2,3,2,8,4,1,4089,1,2,13,3,2,2,10,4,3,10,2,2,2,802,83,82,23,33,30
5,3,3,2,1,5,1,1,3,1,1,2,1,3468,9,2,12,3,4,1,6,3,3,2,2,2,2,502,51,11,23,33,12
7,3,2,16,3,1,2,2,3,2,3,2,3,4198,2,2,12,3,2,0,8,5,4,3,2,1,2,716,72,32,23,33,3
11,3,3,3,3,1,3,1,2,1,4,4,1,2177,3,2,17,3,1,1,7,6,3,1,0,0,0,1103,113,41,23,23,11
8,3,2,7,4,5,2,1,3,5,6,2,3,19833,1,2,14,3,2,0,21,3,2,21,8,12,8,807,82,65,23,33,21
10,1,2,1,3,1,4,2,3,2,3,3,1,6347,0,2,12,3,1,1,19,3,3,18,7,0,13,1001,104,32,23,33,28
7,3,2,18,3,5,3,2,3,2,3,3,1,4601,1,2,16,3,2,0,5,3,3,5,2,1,0,718,73,32,23,33,5
9,2,2,27,2,1,2,2,4,2,3,3,3,6397,4,1,12,3,4,0,8,2,3,5,4,1,3,927,92,32,13,43,5
6,2,3,3,3,1,4,2,3,1,4,3,3,4084,1,2,12,3,1,0,7,2,1,7,2,7,7,603,64,41,23,33,7
5,3,3,27,3,5,2,2,3,2,8,3,1,4335,4,2,12,3,1,1,11,3,2,8,7,1,1,527,52,82,23,33,18
6,3,3,5,4,4,2,2,4,1,4,4,1,3312,3,2,17,3,4,2,6,3,3,3,2,0,2,605,62,41,23,43,23
12,3,2,16,4,2,1,1,3,2,3,1,3,5405,8,2,14,3,4,0,10,1,3,2,2,2,2,1216,121,32,23,33,2
5,1,3,24,2,6,2,1,2,3,8,1,3,8722,1,2,12,3,1,0,10,2,2,10,7,1,9,524,52,83,23,23,10
11,3,2,11,5,2,4,2,2,2,3,1,1,5380,4,2,16,3,3,1,6,3,3,0,0,0,0,1111,114,32,23,23,10
9,2,3,7,3,1,1,1,3,3,1,1,2,5210,1,2,18,3,1,1,24,2,3,24,9,9,11,907,91,13,23,33,34
5,3,3,25,3,1,1,1,1,1,1,3,3,2293,1,2,12,3,3,0,1,2,2,1,0,0,1,525,51,11,23,13,1
8,3,3,5,5,5,2,1,4,1,4,3,1,2127,2,1,12,3,1,0,7,5,2,4,2,0,3,805,82,41,13,43,4
5,3,3,28,4,5,4,2,2,1,4,1,3,3785,1,2,14,3,2,0,5,3,1,5,4,0,4,528,54,41,23,23,5
6,3,3,19,3,1,2,2,2,1,4,4,1,2929,1,2,12,3,2,0,10,3,3,10,9,8,7,619,62,41,23,23,10
9,3,2,1,2,2,2,2,3,3,3,1,2,10453,1,2,25,4,3,3,24,2,3,24,13,15,7,901,92,33,24,34,54
8,3,3,2,3,5,3,1,3,1,4,3,2,2345,2,2,14,3,3,1,8,3,4,3,1,1,2,802,83,41,23,33,13
6,2,2,7,3,5,4,1,3,2,3,1,1,4373,0,2,14,3,1,2,5,2,3,4,3,0,3,607,64,32,23,33,24
4,3,3,26,1,1,3,1,3,1,4,4,2,2904,1,2,12,3,3,2,4,2,2,4,2,0,2,426,43,41,23,33,24
6,3,3,21,3,5,2,1,4,1,1,2,1,2028,1,2,18,3,4,3,14,6,3,14,11,2,13,621,62,11,23,43,44
6,2,3,1,3,5,4,1,2,2,8,1,3,5343,0,2,20,4,3,0,14,3,3,13,9,4,9,601,64,82,24,24,13
8,2,3,9,4,5,4,1,3,1,4,2,2,3617,8,1,14,3,4,1,3,2,3,1,1,0,0,809,84,41,13,33,11
5,3,3,3,3,5,1,1,3,1,1,1,1,4031,5,2,13,3,3,1,6,5,3,2,2,0,2,503,51,11,23,33,12
7,3,2,17,2,2,3,1,2,2,3,2,1,5507,2,2,16,3,3,2,12,1,1,4,2,1,3,717,73,32,23,23,24
5,3,3,7,1,5,4,1,2,1,4,4,1,2889,1,2,11,3,3,2,2,2,3,2,2,2,1,507,54,41,23,23,22
9,2,3,28,2,1,1,1,2,2,1,1,3,4284,3,2,20,4,1,0,20,2,3,4,3,1,3,928,91,12,24,24,4
7,3,3,7,3,1,1,1,3,1,1,2,3,2013,2,2,11,3,3,0,15,4,3,4,3,1,3,707,71,11,23,33,4
7,3,2,14,3,1,3,1,3,2,3,2,1,9924,0,2,11,3,4,1,10,3,3,9,8,7,7,714,73,32,23,33,19
5,1,2,29,2,5,2,1,1,2,3,1,3,4969,8,2,18,3,4,0,7,6,3,2,2,2,2,529,52,32,23,13,2
7,3,3,19,3,1,3,1,3,2,9,3,1,5768,3,2,17,3,1,3,9,2,2,4,3,0,2,719,73,92,23,33,34
8,2,3,9,2,5,1,2,3,1,1,4,3,3673,1,2,13,3,3,0,12,3,3,12,9,5,8,809,81,11,23,33,12
7,3,3,10,1,1,4,2,3,1,4,1,2,2782,0,1,13,3,2,2,6,3,2,5,3,4,3,710,74,41,13,33,25
6,2,1,8,3,3,3,2,2,1,5,4,2,2180,6,2,11,3,3,1,6,0,2,4,2,1,2,608,63,51,23,23,14
6,3,3,5,4,1,4,1,2,2,9,4,3,9679,8,2,24,4,2,0,8,1,3,1,0,0,0,605,64,92,24,24,1
4,3,3,1,2,1,4,1,3,1,4,3,1,1223,1,2,22,4,4,1,1,2,3,1,0,0,1,401,44,41,24,34,11
6,3,3,5,4,6,3,1,3,1,4,4,1,4821,0,1,12,3,3,1,6,4,3,5,2,0,3,605,63,41,13,33,15
8,3,3,2,3,5,4,2,2,1,1,1,2,2593,0,1,11,3,3,1,10,4,3,9,6,7,8,802,84,11,13,23,19
8,1,3,8,2,1,4,1,3,2,8,4,2,4069,3,1,18,3,3,0,8,2,3,2,2,2,2,808,84,82,13,33,2
8,3,3,2,1,1,1,2,4,1,4,4,1,2011,1,2,13,3,4,1,10,5,3,10,5,7,7,802,81,41,23,43,20
9,2,2,2,3,5,4,1,2,2,3,2,1,5390,2,2,14,3,4,0,17,3,2,9,6,0,8,902,94,32,23,23,9
5,3,2,20,2,2,4,1,3,2,3,4,2,6931,2,2,14,3,4,1,10,2,3,3,2,0,2,520,54,32,23,33,13
7,3,3,22,3,1,2,2,4,3,6,2,2,11996,7,2,18,3,2,1,10,6,2,7,7,6,2,722,72,63,23,43,17
5,3,3,23,3,1,1,2,3,1,4,4,2,2886,1,2,22,4,2,2,3,3,1,3,2,0,2,523,51,41,24,34,23
5,2,3,1,3,1,4,1,4,2,8,3,3,6294,8,1,12,3,4,0,10,5,4,3,2,0,2,501,54,82,13,43,3
6,3,3,17,4,5,2,2,3,3,6,1,1,11916,1,1,23,4,4,2,9,2,3,9,1,0,8,617,62,63,14,34,29
6,3,1,2,3,3,1,1,2,2,5,1,1,6410,3,2,12,3,4,0,9,1,3,2,2,1,0,602,61,52,23,23,2
6,3,1,3,2,3,4,1,3,1,5,2,2,2277,3,1,11,3,3,1,7,4,4,4,3,0,3,603,64,51,13,33,14
8,3,3,23,5,1,1,2,3,4,7,4,3,15992,2,2,14,3,2,0,16,2,3,1,0,0,0,823,81,74,23,33,1
7,2,3,18,2,1,3,1,3,3,9,4,3,9362,2,2,11,3,3,0,10,2,3,2,2,2,2,718,73,93,23,33,2
7,3,3,2,3,5,3,1,3,2,9,2,1,4855,4,2,11,3,1,2,7,2,3,5,2,1,4,702,73,92,23,33,25
10,2,3,20,5,5,2,1,3,4,8,3,1,11245,2,1,15,3,3,1,32,3,3,30,8,12,13,1020,102,84,13,33,40
7,3,3,23,4,5,3,2,3,1,1,1,1,4014,3,1,15,3,3,1,4,3,3,2,2,2,2,723,73,11,13,33,12
7,3,2,2,4,2,2,2,1,2,2,4,1,5405,2,1,20,4,1,2,20,4,2,4,2,0,3,702,72,22,14,14,24
7,3,2,16,4,2,4,1,2,2,3,3,2,6334,4,2,19,3,4,2,9,2,3,1,0,0,0,716,74,32,23,23,21
4,3,3,7,1,1,4,1,3,1,4,2,3,2472,1,1,23,4,1,0,1,2,3,1,0,0,0,407,44,41,14,34,1
5,2,3,2,3,1,1,1,3,1,4,1,1,2042,6,1,14,3,2,1,6,2,3,3,2,1,2,502,51,41,13,33,13
